,id,ts,y,sku,customer,price,ph_level2,y_mean_sku_month,main_promo,medium_promo,small_promo,weeks_since_last_event,weeks_to_next_event,average_train_demand,cluster
0,0,2020-07-01,49.0,815517026005,TMALL,263.87750777822095,Ultra Repair,106.0,0.0,0.0,0.0,4,8,891.8636363636364,2
1,0,2020-08-01,1501.0,815517026005,TMALL,263.87750777822095,Ultra Repair,817.5,0.0,0.0,0.0,8,4,891.8636363636364,2
2,0,2020-09-01,103.0,815517026005,TMALL,263.87750777822095,Ultra Repair,404.0,0.0,1.0,0.0,0,0,891.8636363636364,2
3,0,2020-10-01,6780.0,815517026005,TMALL,263.87750777822095,Ultra Repair,3611.5,0.0,0.0,0.0,4,4,891.8636363636364,2
4,0,2020-11-01,3996.0,815517026005,TMALL,263.87750777822095,Ultra Repair,5488.5,1.0,0.0,0.0,0,0,891.8636363636364,2
5,0,2020-12-01,1065.0,815517026005,TMALL,263.87750777822095,Ultra Repair,1990.0,0.0,0.0,1.0,0,0,891.8636363636364,2
6,0,2021-01-01,785.0,815517026005,TMALL,263.87750777822095,Ultra Repair,1071.5,0.0,0.0,0.0,4,4,891.8636363636364,2
7,0,2021-02-01,146.0,815517026005,TMALL,263.87750777822095,Ultra Repair,545.5,0.0,0.0,1.0,0,0,891.8636363636364,2
8,0,2021-03-01,630.0,815517026005,TMALL,263.87750777822095,Ultra Repair,1255.5,0.0,1.0,0.0,0,0,891.8636363636364,2
9,0,2021-04-01,303.0,815517026005,TMALL,263.87750777822095,Ultra Repair,490.5,0.0,0.0,0.0,4,4,891.8636363636364,2
10,0,2021-05-01,102.0,815517026005,TMALL,263.87750777822095,Ultra Repair,1140.5,0.0,0.0,1.0,0,0,891.8636363636364,2
11,0,2021-06-01,1254.0,815517026005,TMALL,263.87750777822095,Ultra Repair,1715.0,0.0,1.0,0.0,0,0,891.8636363636364,2
12,0,2021-07-01,94.0,815517026005,TMALL,263.87750777822095,Ultra Repair,106.0,0.0,0.0,0.0,4,8,891.8636363636364,2
13,0,2021-08-01,134.0,815517026005,TMALL,263.87750777822095,Ultra Repair,817.5,0.0,0.0,0.0,8,4,891.8636363636364,2
14,0,2021-09-01,705.0,815517026005,TMALL,263.87750777822095,Ultra Repair,404.0,0.0,1.0,0.0,0,0,891.8636363636364,2
15,0,2021-10-01,443.0,815517026005,TMALL,263.87750777822095,Ultra Repair,3611.5,0.0,0.0,0.0,4,4,891.8636363636364,2
16,0,2021-11-01,6981.0,815517026005,TMALL,263.87750777822095,Ultra Repair,5488.5,1.0,0.0,0.0,0,0,891.8636363636364,2
17,0,2021-12-01,2915.0,815517026005,TMALL,263.87750777822095,Ultra Repair,1990.0,0.0,0.0,1.0,0,0,891.8636363636364,2
18,0,2022-01-01,1358.0,815517026005,TMALL,291.728,Ultra Repair,1071.5,0.0,0.0,0.0,4,4,891.8636363636364,2
19,0,2022-02-01,945.0,815517026005,TMALL,287.448372781065,Ultra Repair,545.5,0.0,0.0,1.0,0,0,891.8636363636364,2
20,0,2022-03-01,1881.0,815517026005,TMALL,258.570757193337,Ultra Repair,1255.5,0.0,1.0,0.0,0,0,891.8636363636364,2
21,0,2022-04-01,678.0,815517026005,TMALL,276.937506596306,Ultra Repair,490.5,0.0,0.0,0.0,4,4,891.8636363636364,2
22,0,2022-05-01,2179.0,815517026005,TMALL,261.204415584416,Ultra Repair,1140.5,0.0,0.0,1.0,0,0,891.8636363636364,2
23,0,2022-06-01,2176.0,815517026005,TMALL,240.064605042017,Ultra Repair,1715.0,0.0,1.0,0.0,0,0,891.8636363636364,2
24,0,2022-07-01,175.0,815517026005,TMALL,240.064605042017,Ultra Repair,106.0,0.0,0.0,0.0,4,8,891.8636363636364,2
25,1,2020-07-01,164.0,815517026012,TMALL,73.64205132823413,Ultra Repair,176.0,0.0,0.0,0.0,4,8,1068.9545454545455,1
26,1,2020-08-01,2867.0,815517026012,TMALL,73.64205132823413,Ultra Repair,1676.0,0.0,0.0,0.0,8,4,1068.9545454545455,1
27,1,2020-09-01,750.0,815517026012,TMALL,73.64205132823413,Ultra Repair,38432.5,0.0,1.0,0.0,0,0,1068.9545454545455,1
28,1,2020-10-01,4669.0,815517026012,TMALL,73.64205132823413,Ultra Repair,2334.5,0.0,0.0,0.0,4,4,1068.9545454545455,1
29,1,2020-11-01,2918.0,815517026012,TMALL,73.64205132823413,Ultra Repair,1602.5,1.0,0.0,0.0,0,0,1068.9545454545455,1
30,1,2020-12-01,2096.0,815517026012,TMALL,73.64205132823413,Ultra Repair,1313.5,0.0,0.0,1.0,0,0,1068.9545454545455,1
31,1,2021-01-01,2580.0,815517026012,TMALL,73.64205132823413,Ultra Repair,3780.0,0.0,0.0,0.0,4,4,1068.9545454545455,1
32,1,2021-02-01,384.0,815517026012,TMALL,73.64205132823413,Ultra Repair,520.5,0.0,0.0,1.0,0,0,1068.9545454545455,1
33,1,2021-03-01,1681.0,815517026012,TMALL,73.64205132823413,Ultra Repair,1217.0,0.0,1.0,0.0,0,0,1068.9545454545455,1
34,1,2021-04-01,3893.0,815517026012,TMALL,73.64205132823413,Ultra Repair,1946.5,0.0,0.0,0.0,4,4,1068.9545454545455,1
35,1,2021-05-01,536.0,815517026012,TMALL,73.64205132823413,Ultra Repair,268.0,0.0,0.0,1.0,0,0,1068.9545454545455,1
36,1,2021-06-01,2567.0,815517026012,TMALL,73.64205132823413,Ultra Repair,1285.5,0.0,1.0,0.0,0,0,1068.9545454545455,1
37,1,2021-07-01,351.0,815517026012,TMALL,73.64205132823413,Ultra Repair,176.0,0.0,0.0,0.0,4,8,1068.9545454545455,1
38,1,2021-08-01,485.0,815517026012,TMALL,73.64205132823413,Ultra Repair,1676.0,0.0,0.0,0.0,8,4,1068.9545454545455,1
39,1,2021-09-01,76115.0,815517026012,TMALL,73.64205132823413,Ultra Repair,38432.5,0.0,1.0,0.0,0,0,1068.9545454545455,1
40,1,2021-10-01,0.0,815517026012,TMALL,73.64205132823413,Ultra Repair,2334.5,0.0,0.0,0.0,4,4,1068.9545454545455,1
41,1,2021-11-01,287.0,815517026012,TMALL,73.64205132823413,Ultra Repair,1602.5,1.0,0.0,0.0,0,0,1068.9545454545455,1
42,1,2021-12-01,531.0,815517026012,TMALL,73.64205132823413,Ultra Repair,1313.5,0.0,0.0,1.0,0,0,1068.9545454545455,1
43,1,2022-01-01,4980.0,815517026012,TMALL,84.4563395012068,Ultra Repair,3780.0,0.0,0.0,0.0,4,4,1068.9545454545455,1
44,1,2022-02-01,657.0,815517026012,TMALL,65.72998643147896,Ultra Repair,520.5,0.0,0.0,1.0,0,0,1068.9545454545455,1
45,1,2022-03-01,753.0,815517026012,TMALL,60.1005586592179,Ultra Repair,1217.0,0.0,1.0,0.0,0,0,1068.9545454545455,1
46,1,2022-04-01,0.0,815517026012,TMALL,60.9455252918288,Ultra Repair,1946.5,0.0,0.0,0.0,4,4,1068.9545454545455,1
47,1,2022-05-01,0.0,815517026012,TMALL,146.0,Ultra Repair,268.0,0.0,0.0,1.0,0,0,1068.9545454545455,1
48,1,2022-06-01,4.0,815517026012,TMALL,124.79947368421053,Ultra Repair,1285.5,0.0,1.0,0.0,0,0,1068.9545454545455,1
49,1,2022-07-01,13.0,815517026012,TMALL,124.79947368421053,Ultra Repair,176.0,0.0,0.0,0.0,4,8,1068.9545454545455,1
50,2,2020-07-01,0.0,815517026029,TMALL,119.28135590003164,Face,287.6666666666667,0.0,0.0,0.0,4,8,617.0454545454545,0
51,2,2020-08-01,0.0,815517026029,TMALL,119.28135590003164,Face,369.5,0.0,0.0,0.0,8,4,617.0454545454545,0
52,2,2020-09-01,0.0,815517026029,TMALL,119.28135590003164,Face,1256.0,0.0,1.0,0.0,0,0,617.0454545454545,0
53,2,2020-10-01,0.0,815517026029,TMALL,119.28135590003164,Face,223.0,0.0,0.0,0.0,4,4,617.0454545454545,0
54,2,2020-11-01,0.0,815517026029,TMALL,119.28135590003164,Face,1926.0,1.0,0.0,0.0,0,0,617.0454545454545,0
55,2,2020-12-01,0.0,815517026029,TMALL,119.28135590003164,Face,648.0,0.0,0.0,1.0,0,0,617.0454545454545,0
56,2,2021-01-01,262.0,815517026029,TMALL,119.28135590003164,Face,759.5,0.0,0.0,0.0,4,4,617.0454545454545,0
57,2,2021-02-01,421.0,815517026029,TMALL,119.28135590003164,Face,682.5,0.0,0.0,1.0,0,0,617.0454545454545,0
58,2,2021-03-01,1561.0,815517026029,TMALL,119.28135590003164,Face,1399.0,0.0,1.0,0.0,0,0,617.0454545454545,0
59,2,2021-04-01,1104.0,815517026029,TMALL,119.28135590003164,Face,835.0,0.0,0.0,0.0,4,4,617.0454545454545,0
60,2,2021-05-01,814.0,815517026029,TMALL,119.28135590003164,Face,912.5,0.0,0.0,1.0,0,0,617.0454545454545,0
61,2,2021-06-01,3407.0,815517026029,TMALL,119.28135590003164,Face,2230.5,0.0,1.0,0.0,0,0,617.0454545454545,0
62,2,2021-07-01,688.0,815517026029,TMALL,119.28135590003164,Face,287.6666666666667,0.0,0.0,0.0,4,8,617.0454545454545,0
63,2,2021-08-01,739.0,815517026029,TMALL,119.28135590003164,Face,369.5,0.0,0.0,0.0,8,4,617.0454545454545,0
64,2,2021-09-01,2512.0,815517026029,TMALL,119.28135590003164,Face,1256.0,0.0,1.0,0.0,0,0,617.0454545454545,0
65,2,2021-10-01,446.0,815517026029,TMALL,119.28135590003164,Face,223.0,0.0,0.0,0.0,4,4,617.0454545454545,0
66,2,2021-11-01,3852.0,815517026029,TMALL,119.28135590003164,Face,1926.0,1.0,0.0,0.0,0,0,617.0454545454545,0
67,2,2021-12-01,1296.0,815517026029,TMALL,119.28135590003164,Face,648.0,0.0,0.0,1.0,0,0,617.0454545454545,0
68,2,2022-01-01,1257.0,815517026029,TMALL,119.561753889675,Face,759.5,0.0,0.0,0.0,4,4,617.0454545454545,0
69,2,2022-02-01,944.0,815517026029,TMALL,153.677423494571,Face,682.5,0.0,0.0,1.0,0,0,617.0454545454545,0
70,2,2022-03-01,1237.0,815517026029,TMALL,134.875357364823,Face,1399.0,0.0,1.0,0.0,0,0,617.0454545454545,0
71,2,2022-04-01,566.0,815517026029,TMALL,147.057667638484,Face,835.0,0.0,0.0,0.0,4,4,617.0454545454545,0
72,2,2022-05-01,1011.0,815517026029,TMALL,123.661451483561,Face,912.5,0.0,0.0,1.0,0,0,617.0454545454545,0
73,2,2022-06-01,1054.0,815517026029,TMALL,114.13260802469136,Face,2230.5,0.0,1.0,0.0,0,0,617.0454545454545,0
74,2,2022-07-01,175.0,815517026029,TMALL,114.13260802469136,Face,287.6666666666667,0.0,0.0,0.0,4,8,617.0454545454545,0
75,3,2020-07-01,614.0,815517026036,TMALL,112.94600649737087,Ultra Repair,1409.6666666666667,0.0,0.0,0.0,4,8,14313.272727272728,2
76,3,2020-08-01,82647.0,815517026036,TMALL,112.94600649737087,Ultra Repair,43028.0,0.0,0.0,0.0,8,4,14313.272727272728,2
77,3,2020-09-01,7194.0,815517026036,TMALL,112.94600649737087,Ultra Repair,15245.0,0.0,1.0,0.0,0,0,14313.272727272728,2
78,3,2020-10-01,127667.0,815517026036,TMALL,112.94600649737087,Ultra Repair,71037.5,0.0,0.0,0.0,4,4,14313.272727272728,2
79,3,2020-11-01,68044.0,815517026036,TMALL,112.94600649737087,Ultra Repair,87985.0,1.0,0.0,0.0,0,0,14313.272727272728,2
80,3,2020-12-01,19815.0,815517026036,TMALL,112.94600649737087,Ultra Repair,22413.0,0.0,0.0,1.0,0,0,14313.272727272728,2
81,3,2021-01-01,18613.0,815517026036,TMALL,112.94600649737087,Ultra Repair,21346.5,0.0,0.0,0.0,4,4,14313.272727272728,2
82,3,2021-02-01,5803.0,815517026036,TMALL,112.94600649737087,Ultra Repair,5252.0,0.0,0.0,1.0,0,0,14313.272727272728,2
83,3,2021-03-01,25964.0,815517026036,TMALL,112.94600649737087,Ultra Repair,16807.0,0.0,1.0,0.0,0,0,14313.272727272728,2
84,3,2021-04-01,12484.0,815517026036,TMALL,112.94600649737087,Ultra Repair,7675.0,0.0,0.0,0.0,4,4,14313.272727272728,2
85,3,2021-05-01,5853.0,815517026036,TMALL,112.94600649737087,Ultra Repair,6154.5,0.0,0.0,1.0,0,0,14313.272727272728,2
86,3,2021-06-01,29813.0,815517026036,TMALL,112.94600649737087,Ultra Repair,17508.0,0.0,1.0,0.0,0,0,14313.272727272728,2
87,3,2021-07-01,2331.0,815517026036,TMALL,112.94600649737087,Ultra Repair,1409.6666666666667,0.0,0.0,0.0,4,8,14313.272727272728,2
88,3,2021-08-01,3409.0,815517026036,TMALL,112.94600649737087,Ultra Repair,43028.0,0.0,0.0,0.0,8,4,14313.272727272728,2
89,3,2021-09-01,23296.0,815517026036,TMALL,112.94600649737087,Ultra Repair,15245.0,0.0,1.0,0.0,0,0,14313.272727272728,2
90,3,2021-10-01,14408.0,815517026036,TMALL,112.94600649737087,Ultra Repair,71037.5,0.0,0.0,0.0,4,4,14313.272727272728,2
91,3,2021-11-01,107926.0,815517026036,TMALL,112.94600649737087,Ultra Repair,87985.0,1.0,0.0,0.0,0,0,14313.272727272728,2
92,3,2021-12-01,25011.0,815517026036,TMALL,112.94600649737087,Ultra Repair,22413.0,0.0,0.0,1.0,0,0,14313.272727272728,2
93,3,2022-01-01,24080.0,815517026036,TMALL,124.883480907582,Ultra Repair,21346.5,0.0,0.0,0.0,4,4,14313.272727272728,2
94,3,2022-02-01,4701.0,815517026036,TMALL,153.883483193277,Ultra Repair,5252.0,0.0,0.0,1.0,0,0,14313.272727272728,2
95,3,2022-03-01,7650.0,815517026036,TMALL,134.489917986743,Ultra Repair,16807.0,0.0,1.0,0.0,0,0,14313.272727272728,2
96,3,2022-04-01,2866.0,815517026036,TMALL,147.596287878788,Ultra Repair,7675.0,0.0,0.0,0.0,4,4,14313.272727272728,2
97,3,2022-05-01,6456.0,815517026036,TMALL,130.180898282695,Ultra Repair,6154.5,0.0,0.0,1.0,0,0,14313.272727272728,2
98,3,2022-06-01,5203.0,815517026036,TMALL,114.626325581395,Ultra Repair,17508.0,0.0,1.0,0.0,0,0,14313.272727272728,2
99,3,2022-07-01,1284.0,815517026036,TMALL,114.626325581395,Ultra Repair,1409.6666666666667,0.0,0.0,0.0,4,8,14313.272727272728,2
100,4,2020-07-01,0.0,815517026043,TMALL,206.76662253528596,Ultra Repair,55.333333333333336,0.0,0.0,0.0,4,8,116.5,0
101,4,2020-08-01,0.0,815517026043,TMALL,206.76662253528596,Ultra Repair,23.0,0.0,0.0,0.0,8,4,116.5,0
102,4,2020-09-01,0.0,815517026043,TMALL,206.76662253528596,Ultra Repair,114.0,0.0,1.0,0.0,0,0,116.5,0
103,4,2020-10-01,0.0,815517026043,TMALL,206.76662253528596,Ultra Repair,53.0,0.0,0.0,0.0,4,4,116.5,0
104,4,2020-11-01,0.0,815517026043,TMALL,206.76662253528596,Ultra Repair,301.0,1.0,0.0,0.0,0,0,116.5,0
105,4,2020-12-01,0.0,815517026043,TMALL,206.76662253528596,Ultra Repair,140.0,0.0,0.0,1.0,0,0,116.5,0
106,4,2021-01-01,34.0,815517026043,TMALL,206.76662253528596,Ultra Repair,134.5,0.0,0.0,0.0,4,4,116.5,0
107,4,2021-02-01,28.0,815517026043,TMALL,206.76662253528596,Ultra Repair,109.0,0.0,0.0,1.0,0,0,116.5,0
108,4,2021-03-01,119.0,815517026043,TMALL,206.76662253528596,Ultra Repair,299.0,0.0,1.0,0.0,0,0,116.5,0
109,4,2021-04-01,223.0,815517026043,TMALL,206.76662253528596,Ultra Repair,195.0,0.0,0.0,0.0,4,4,116.5,0
110,4,2021-05-01,95.0,815517026043,TMALL,206.76662253528596,Ultra Repair,209.5,0.0,0.0,1.0,0,0,116.5,0
111,4,2021-06-01,322.0,815517026043,TMALL,206.76662253528596,Ultra Repair,376.5,0.0,1.0,0.0,0,0,116.5,0
112,4,2021-07-01,38.0,815517026043,TMALL,206.76662253528596,Ultra Repair,55.333333333333336,0.0,0.0,0.0,4,8,116.5,0
113,4,2021-08-01,46.0,815517026043,TMALL,206.76662253528596,Ultra Repair,23.0,0.0,0.0,0.0,8,4,116.5,0
114,4,2021-09-01,228.0,815517026043,TMALL,206.76662253528596,Ultra Repair,114.0,0.0,1.0,0.0,0,0,116.5,0
115,4,2021-10-01,106.0,815517026043,TMALL,206.76662253528596,Ultra Repair,53.0,0.0,0.0,0.0,4,4,116.5,0
116,4,2021-11-01,602.0,815517026043,TMALL,206.76662253528596,Ultra Repair,301.0,1.0,0.0,0.0,0,0,116.5,0
117,4,2021-12-01,280.0,815517026043,TMALL,206.76662253528596,Ultra Repair,140.0,0.0,0.0,1.0,0,0,116.5,0
118,4,2022-01-01,235.0,815517026043,TMALL,176.11092165898603,Ultra Repair,134.5,0.0,0.0,0.0,4,4,116.5,0
119,4,2022-02-01,190.0,815517026043,TMALL,187.775076923077,Ultra Repair,109.0,0.0,0.0,1.0,0,0,116.5,0
120,4,2022-03-01,479.0,815517026043,TMALL,154.905165562914,Ultra Repair,299.0,0.0,1.0,0.0,0,0,116.5,0
121,4,2022-04-01,167.0,815517026043,TMALL,175.220384615385,Ultra Repair,195.0,0.0,0.0,0.0,4,4,116.5,0
122,4,2022-05-01,324.0,815517026043,TMALL,156.788666666667,Ultra Repair,209.5,0.0,0.0,1.0,0,0,116.5,0
123,4,2022-06-01,431.0,815517026043,TMALL,142.37338607594936,Ultra Repair,376.5,0.0,1.0,0.0,0,0,116.5,0
124,4,2022-07-01,128.0,815517026043,TMALL,142.37338607594936,Ultra Repair,55.333333333333336,0.0,0.0,0.0,4,8,116.5,0
125,5,2020-07-01,0.0,815517026050,TMALL,317.8406282722513,Ultra Repair,9.0,0.0,0.0,0.0,4,8,15.954545454545455,0
126,5,2020-08-01,0.0,815517026050,TMALL,317.8406282722513,Ultra Repair,6.5,0.0,0.0,0.0,8,4,15.954545454545455,0
127,5,2020-09-01,0.0,815517026050,TMALL,317.8406282722513,Ultra Repair,29.0,0.0,1.0,0.0,0,0,15.954545454545455,0
128,5,2020-10-01,0.0,815517026050,TMALL,317.8406282722513,Ultra Repair,0.5,0.0,0.0,0.0,4,4,15.954545454545455,0
129,5,2020-11-01,0.0,815517026050,TMALL,317.8406282722513,Ultra Repair,11.5,1.0,0.0,0.0,0,0,15.954545454545455,0
130,5,2020-12-01,0.0,815517026050,TMALL,317.8406282722513,Ultra Repair,32.0,0.0,0.0,1.0,0,0,15.954545454545455,0
131,5,2021-01-01,7.0,815517026050,TMALL,317.8406282722513,Ultra Repair,21.0,0.0,0.0,0.0,4,4,15.954545454545455,0
132,5,2021-02-01,10.0,815517026050,TMALL,317.8406282722513,Ultra Repair,25.5,0.0,0.0,1.0,0,0,15.954545454545455,0
133,5,2021-03-01,11.0,815517026050,TMALL,317.8406282722513,Ultra Repair,47.5,0.0,1.0,0.0,0,0,15.954545454545455,0
134,5,2021-04-01,25.0,815517026050,TMALL,317.8406282722513,Ultra Repair,24.0,0.0,0.0,0.0,4,4,15.954545454545455,0
135,5,2021-05-01,4.0,815517026050,TMALL,317.8406282722513,Ultra Repair,24.5,0.0,0.0,1.0,0,0,15.954545454545455,0
136,5,2021-06-01,28.0,815517026050,TMALL,317.8406282722513,Ultra Repair,45.0,0.0,1.0,0.0,0,0,15.954545454545455,0
137,5,2021-07-01,11.0,815517026050,TMALL,317.8406282722513,Ultra Repair,9.0,0.0,0.0,0.0,4,8,15.954545454545455,0
138,5,2021-08-01,13.0,815517026050,TMALL,317.8406282722513,Ultra Repair,6.5,0.0,0.0,0.0,8,4,15.954545454545455,0
139,5,2021-09-01,58.0,815517026050,TMALL,317.8406282722513,Ultra Repair,29.0,0.0,1.0,0.0,0,0,15.954545454545455,0
140,5,2021-10-01,1.0,815517026050,TMALL,317.8406282722513,Ultra Repair,0.5,0.0,0.0,0.0,4,4,15.954545454545455,0
141,5,2021-11-01,23.0,815517026050,TMALL,317.8406282722513,Ultra Repair,11.5,1.0,0.0,0.0,0,0,15.954545454545455,0
142,5,2021-12-01,64.0,815517026050,TMALL,317.8406282722513,Ultra Repair,32.0,0.0,0.0,1.0,0,0,15.954545454545455,0
143,5,2022-01-01,35.0,815517026050,TMALL,283.586744186046,Ultra Repair,21.0,0.0,0.0,0.0,4,4,15.954545454545455,0
144,5,2022-02-01,41.0,815517026050,TMALL,288.869772727273,Ultra Repair,25.5,0.0,0.0,1.0,0,0,15.954545454545455,0
145,5,2022-03-01,84.0,815517026050,TMALL,250.381647058824,Ultra Repair,47.5,0.0,1.0,0.0,0,0,15.954545454545455,0
146,5,2022-04-01,23.0,815517026050,TMALL,266.6712,Ultra Repair,24.0,0.0,0.0,0.0,4,4,15.954545454545455,0
147,5,2022-05-01,45.0,815517026050,TMALL,257.703166666667,Ultra Repair,24.5,0.0,0.0,1.0,0,0,15.954545454545455,0
148,5,2022-06-01,62.0,815517026050,TMALL,246.4528235294118,Ultra Repair,45.0,0.0,1.0,0.0,0,0,15.954545454545455,0
149,5,2022-07-01,16.0,815517026050,TMALL,246.4528235294118,Ultra Repair,9.0,0.0,0.0,0.0,4,8,15.954545454545455,0
150,6,2020-07-01,183.0,815517026067,TMALL,130.92719208022964,Ultra Repair,569.0,0.0,0.0,0.0,4,8,2284.0454545454545,2
151,6,2020-08-01,27771.0,815517026067,TMALL,130.92719208022964,Ultra Repair,14464.0,0.0,0.0,0.0,8,4,2284.0454545454545,2
152,6,2020-09-01,1261.0,815517026067,TMALL,130.92719208022964,Ultra Repair,3171.0,0.0,1.0,0.0,0,0,2284.0454545454545,2
153,6,2020-10-01,7868.0,815517026067,TMALL,130.92719208022964,Ultra Repair,4399.0,0.0,0.0,0.0,4,4,2284.0454545454545,2
154,6,2020-11-01,13879.0,815517026067,TMALL,130.92719208022964,Ultra Repair,18509.5,1.0,0.0,0.0,0,0,2284.0454545454545,2
155,6,2020-12-01,2601.0,815517026067,TMALL,130.92719208022964,Ultra Repair,3145.5,0.0,0.0,1.0,0,0,2284.0454545454545,2
156,6,2021-01-01,2402.0,815517026067,TMALL,130.92719208022964,Ultra Repair,3183.0,0.0,0.0,0.0,4,4,2284.0454545454545,2
157,6,2021-02-01,702.0,815517026067,TMALL,130.92719208022964,Ultra Repair,957.5,0.0,0.0,1.0,0,0,2284.0454545454545,2
158,6,2021-03-01,2116.0,815517026067,TMALL,130.92719208022964,Ultra Repair,2732.0,0.0,1.0,0.0,0,0,2284.0454545454545,2
159,6,2021-04-01,1743.0,815517026067,TMALL,130.92719208022964,Ultra Repair,1410.0,0.0,0.0,0.0,4,4,2284.0454545454545,2
160,6,2021-05-01,828.0,815517026067,TMALL,130.92719208022964,Ultra Repair,1516.5,0.0,0.0,1.0,0,0,2284.0454545454545,2
161,6,2021-06-01,2804.0,815517026067,TMALL,130.92719208022964,Ultra Repair,3178.0,0.0,1.0,0.0,0,0,2284.0454545454545,2
162,6,2021-07-01,886.0,815517026067,TMALL,130.92719208022964,Ultra Repair,569.0,0.0,0.0,0.0,4,8,2284.0454545454545,2
163,6,2021-08-01,1157.0,815517026067,TMALL,130.92719208022964,Ultra Repair,14464.0,0.0,0.0,0.0,8,4,2284.0454545454545,2
164,6,2021-09-01,5081.0,815517026067,TMALL,130.92719208022964,Ultra Repair,3171.0,0.0,1.0,0.0,0,0,2284.0454545454545,2
165,6,2021-10-01,930.0,815517026067,TMALL,130.92719208022964,Ultra Repair,4399.0,0.0,0.0,0.0,4,4,2284.0454545454545,2
166,6,2021-11-01,23140.0,815517026067,TMALL,130.92719208022964,Ultra Repair,18509.5,1.0,0.0,0.0,0,0,2284.0454545454545,2
167,6,2021-12-01,3690.0,815517026067,TMALL,130.92719208022964,Ultra Repair,3145.5,0.0,0.0,1.0,0,0,2284.0454545454545,2
168,6,2022-01-01,3964.0,815517026067,TMALL,132.46085177453,Ultra Repair,3183.0,0.0,0.0,0.0,4,4,2284.0454545454545,2
169,6,2022-02-01,1213.0,815517026067,TMALL,181.952076719577,Ultra Repair,957.5,0.0,0.0,1.0,0,0,2284.0454545454545,2
170,6,2022-03-01,3348.0,815517026067,TMALL,153.572199783628,Ultra Repair,2732.0,0.0,1.0,0.0,0,0,2284.0454545454545,2
171,6,2022-04-01,1077.0,815517026067,TMALL,174.54615483871,Ultra Repair,1410.0,0.0,0.0,0.0,4,4,2284.0454545454545,2
172,6,2022-05-01,2205.0,815517026067,TMALL,148.592333333333,Ultra Repair,1516.5,0.0,0.0,1.0,0,0,2284.0454545454545,2
173,6,2022-06-01,3552.0,815517026067,TMALL,131.90643333333333,Ultra Repair,3178.0,0.0,1.0,0.0,0,0,2284.0454545454545,2
174,6,2022-07-01,638.0,815517026067,TMALL,131.90643333333333,Ultra Repair,569.0,0.0,0.0,0.0,4,8,2284.0454545454545,2
175,7,2020-07-01,10821.0,815517026081,TMALL,123.37285799016526,Face,5914.666666666667,0.0,0.0,0.0,4,8,4956.909090909091,2
176,7,2020-08-01,53867.0,815517026081,TMALL,123.37285799016526,Face,27749.5,0.0,0.0,0.0,8,4,4956.909090909091,2
177,7,2020-09-01,1394.0,815517026081,TMALL,123.37285799016526,Face,4582.5,0.0,1.0,0.0,0,0,4956.909090909091,2
178,7,2020-10-01,27994.0,815517026081,TMALL,123.37285799016526,Face,14224.5,0.0,0.0,0.0,4,4,4956.909090909091,2
179,7,2020-11-01,5444.0,815517026081,TMALL,123.37285799016526,Face,7624.0,1.0,0.0,0.0,0,0,4956.909090909091,2
180,7,2020-12-01,2762.0,815517026081,TMALL,123.37285799016526,Face,1867.5,0.0,0.0,1.0,0,0,4956.909090909091,2
181,7,2021-01-01,2356.0,815517026081,TMALL,123.37285799016526,Face,2095.0,0.0,0.0,0.0,4,4,4956.909090909091,2
182,7,2021-02-01,25319.0,815517026081,TMALL,123.37285799016526,Face,13726.5,0.0,0.0,1.0,0,0,4956.909090909091,2
183,7,2021-03-01,2879.0,815517026081,TMALL,123.37285799016526,Face,11134.0,0.0,1.0,0.0,0,0,4956.909090909091,2
184,7,2021-04-01,1982.0,815517026081,TMALL,123.37285799016526,Face,3606.5,0.0,0.0,0.0,4,4,4956.909090909091,2
185,7,2021-05-01,817.0,815517026081,TMALL,123.37285799016526,Face,3690.0,0.0,0.0,1.0,0,0,4956.909090909091,2
186,7,2021-06-01,13968.0,815517026081,TMALL,123.37285799016526,Face,8944.0,0.0,1.0,0.0,0,0,4956.909090909091,2
187,7,2021-07-01,1575.0,815517026081,TMALL,123.37285799016526,Face,5914.666666666667,0.0,0.0,0.0,4,8,4956.909090909091,2
188,7,2021-08-01,1632.0,815517026081,TMALL,123.37285799016526,Face,27749.5,0.0,0.0,0.0,8,4,4956.909090909091,2
189,7,2021-09-01,7771.0,815517026081,TMALL,123.37285799016526,Face,4582.5,0.0,1.0,0.0,0,0,4956.909090909091,2
190,7,2021-10-01,455.0,815517026081,TMALL,123.37285799016526,Face,14224.5,0.0,0.0,0.0,4,4,4956.909090909091,2
191,7,2021-11-01,9804.0,815517026081,TMALL,123.37285799016526,Face,7624.0,1.0,0.0,0.0,0,0,4956.909090909091,2
192,7,2021-12-01,973.0,815517026081,TMALL,123.37285799016526,Face,1867.5,0.0,0.0,1.0,0,0,4956.909090909091,2
193,7,2022-01-01,1834.0,815517026081,TMALL,110.436774383079,Face,2095.0,0.0,0.0,0.0,4,4,4956.909090909091,2
194,7,2022-02-01,2134.0,815517026081,TMALL,101.032043010753,Face,13726.5,0.0,0.0,1.0,0,0,4956.909090909091,2
195,7,2022-03-01,19389.0,815517026081,TMALL,63.7178868151716,Face,11134.0,0.0,1.0,0.0,0,0,4956.909090909091,2
196,7,2022-04-01,5231.0,815517026081,TMALL,63.14576190476189,Face,3606.5,0.0,0.0,0.0,4,4,4956.909090909091,2
197,7,2022-05-01,6563.0,815517026081,TMALL,64.8839564098683,Face,3690.0,0.0,0.0,1.0,0,0,4956.909090909091,2
198,7,2022-06-01,3920.0,815517026081,TMALL,77.97317835566064,Face,8944.0,0.0,1.0,0.0,0,0,4956.909090909091,2
199,7,2022-07-01,5348.0,815517026081,TMALL,77.97317835566064,Face,5914.666666666667,0.0,0.0,0.0,4,8,4956.909090909091,2
200,8,2020-07-01,220.0,815517026265,TMALL,181.88675840019405,Ultra Repair,371.6666666666667,0.0,0.0,0.0,4,8,4674.818181818182,1
201,8,2020-08-01,4075.0,815517026265,TMALL,181.88675840019405,Ultra Repair,2188.5,0.0,0.0,0.0,8,4,4674.818181818182,1
202,8,2020-09-01,138329.0,815517026265,TMALL,181.88675840019405,Ultra Repair,71244.5,0.0,1.0,0.0,0,0,4674.818181818182,1
203,8,2020-10-01,13515.0,815517026265,TMALL,181.88675840019405,Ultra Repair,7292.5,0.0,0.0,0.0,4,4,4674.818181818182,1
204,8,2020-11-01,485.0,815517026265,TMALL,181.88675840019405,Ultra Repair,59704.5,1.0,0.0,0.0,0,0,4674.818181818182,1
205,8,2020-12-01,18141.0,815517026265,TMALL,181.88675840019405,Ultra Repair,12794.5,0.0,0.0,1.0,0,0,4674.818181818182,1
206,8,2021-01-01,9246.0,815517026265,TMALL,181.88675840019405,Ultra Repair,7043.0,0.0,0.0,0.0,4,4,4674.818181818182,1
207,8,2021-02-01,329.0,815517026265,TMALL,181.88675840019405,Ultra Repair,1534.5,0.0,0.0,1.0,0,0,4674.818181818182,1
208,8,2021-03-01,2549.0,815517026265,TMALL,181.88675840019405,Ultra Repair,7319.5,0.0,1.0,0.0,0,0,4674.818181818182,1
209,8,2021-04-01,449.0,815517026265,TMALL,181.88675840019405,Ultra Repair,670.5,0.0,0.0,0.0,4,4,4674.818181818182,1
210,8,2021-05-01,318.0,815517026265,TMALL,181.88675840019405,Ultra Repair,9906.5,0.0,0.0,1.0,0,0,4674.818181818182,1
211,8,2021-06-01,9608.0,815517026265,TMALL,181.88675840019405,Ultra Repair,9541.0,0.0,1.0,0.0,0,0,4674.818181818182,1
212,8,2021-07-01,193.0,815517026265,TMALL,181.88675840019405,Ultra Repair,371.6666666666667,0.0,0.0,0.0,4,8,4674.818181818182,1
213,8,2021-08-01,302.0,815517026265,TMALL,181.88675840019405,Ultra Repair,2188.5,0.0,0.0,0.0,8,4,4674.818181818182,1
214,8,2021-09-01,4160.0,815517026265,TMALL,181.88675840019405,Ultra Repair,71244.5,0.0,1.0,0.0,0,0,4674.818181818182,1
215,8,2021-10-01,1070.0,815517026265,TMALL,181.88675840019405,Ultra Repair,7292.5,0.0,0.0,0.0,4,4,4674.818181818182,1
216,8,2021-11-01,118924.0,815517026265,TMALL,181.88675840019405,Ultra Repair,59704.5,1.0,0.0,0.0,0,0,4674.818181818182,1
217,8,2021-12-01,7448.0,815517026265,TMALL,181.88675840019405,Ultra Repair,12794.5,0.0,0.0,1.0,0,0,4674.818181818182,1
218,8,2022-01-01,4840.0,815517026265,TMALL,222.312,Ultra Repair,7043.0,0.0,0.0,0.0,4,4,4674.818181818182,1
219,8,2022-02-01,2740.0,815517026265,TMALL,221.798485151819,Ultra Repair,1534.5,0.0,0.0,1.0,0,0,4674.818181818182,1
220,8,2022-03-01,12090.0,815517026265,TMALL,194.379813839129,Ultra Repair,7319.5,0.0,1.0,0.0,0,0,4674.818181818182,1
221,8,2022-04-01,892.0,815517026265,TMALL,225.87196891191698,Ultra Repair,670.5,0.0,0.0,0.0,4,4,4674.818181818182,1
222,8,2022-05-01,19495.0,815517026265,TMALL,182.637360026042,Ultra Repair,9906.5,0.0,0.0,1.0,0,0,4674.818181818182,1
223,8,2022-06-01,9474.0,815517026265,TMALL,173.990213957209,Ultra Repair,9541.0,0.0,1.0,0.0,0,0,4674.818181818182,1
224,8,2022-07-01,702.0,815517026265,TMALL,173.990213957209,Ultra Repair,371.6666666666667,0.0,0.0,0.0,4,8,4674.818181818182,1
225,9,2020-07-01,0.0,815517026272,TMALL,117.54978799464782,Face,588.0,0.0,0.0,0.0,4,8,1657.8636363636363,1
226,9,2020-08-01,4570.0,815517026272,TMALL,117.54978799464782,Face,7100.0,0.0,0.0,0.0,8,4,1657.8636363636363,1
227,9,2020-09-01,189.0,815517026272,TMALL,117.54978799464782,Face,2268.5,0.0,1.0,0.0,0,0,1657.8636363636363,1
228,9,2020-10-01,363.0,815517026272,TMALL,117.54978799464782,Face,418.5,0.0,0.0,0.0,4,4,1657.8636363636363,1
229,9,2020-11-01,489.0,815517026272,TMALL,117.54978799464782,Face,7632.5,1.0,0.0,0.0,0,0,1657.8636363636363,1
230,9,2020-12-01,5920.0,815517026272,TMALL,117.54978799464782,Face,3191.5,0.0,0.0,1.0,0,0,1657.8636363636363,1
231,9,2021-01-01,333.0,815517026272,TMALL,117.54978799464782,Face,770.0,0.0,0.0,0.0,4,4,1657.8636363636363,1
232,9,2021-02-01,198.0,815517026272,TMALL,117.54978799464782,Face,222.5,0.0,0.0,1.0,0,0,1657.8636363636363,1
233,9,2021-03-01,7104.0,815517026272,TMALL,117.54978799464782,Face,3911.5,0.0,1.0,0.0,0,0,1657.8636363636363,1
234,9,2021-04-01,11215.0,815517026272,TMALL,117.54978799464782,Face,5865.0,0.0,0.0,0.0,4,4,1657.8636363636363,1
235,9,2021-05-01,374.0,815517026272,TMALL,117.54978799464782,Face,1462.0,0.0,0.0,1.0,0,0,1657.8636363636363,1
236,9,2021-06-01,1135.0,815517026272,TMALL,117.54978799464782,Face,2323.0,0.0,1.0,0.0,0,0,1657.8636363636363,1
237,9,2021-07-01,1092.0,815517026272,TMALL,117.54978799464782,Face,588.0,0.0,0.0,0.0,4,8,1657.8636363636363,1
238,9,2021-08-01,9630.0,815517026272,TMALL,117.54978799464782,Face,7100.0,0.0,0.0,0.0,8,4,1657.8636363636363,1
239,9,2021-09-01,4348.0,815517026272,TMALL,117.54978799464782,Face,2268.5,0.0,1.0,0.0,0,0,1657.8636363636363,1
240,9,2021-10-01,474.0,815517026272,TMALL,117.54978799464782,Face,418.5,0.0,0.0,0.0,4,4,1657.8636363636363,1
241,9,2021-11-01,14776.0,815517026272,TMALL,117.54978799464782,Face,7632.5,1.0,0.0,0.0,0,0,1657.8636363636363,1
242,9,2021-12-01,463.0,815517026272,TMALL,117.54978799464782,Face,3191.5,0.0,0.0,1.0,0,0,1657.8636363636363,1
243,9,2022-01-01,1207.0,815517026272,TMALL,92.1618338815789,Face,770.0,0.0,0.0,0.0,4,4,1657.8636363636363,1
244,9,2022-02-01,247.0,815517026272,TMALL,134.266541666667,Face,222.5,0.0,0.0,1.0,0,0,1657.8636363636363,1
245,9,2022-03-01,719.0,815517026272,TMALL,96.77512779552721,Face,3911.5,0.0,1.0,0.0,0,0,1657.8636363636363,1
246,9,2022-04-01,515.0,815517026272,TMALL,104.496315789474,Face,5865.0,0.0,0.0,0.0,4,4,1657.8636363636363,1
247,9,2022-05-01,2550.0,815517026272,TMALL,118.993113636364,Face,1462.0,0.0,0.0,1.0,0,0,1657.8636363636363,1
248,9,2022-06-01,3511.0,815517026272,TMALL,133.1111172161172,Face,2323.0,0.0,1.0,0.0,0,0,1657.8636363636363,1
249,9,2022-07-01,672.0,815517026272,TMALL,133.1111172161172,Face,588.0,0.0,0.0,0.0,4,8,1657.8636363636363,1
250,10,2020-07-01,0.0,815517026999,TMALL,242.3003166909037,Ultra Repair,2426.6666666666665,0.0,0.0,0.0,4,8,1434.3636363636363,1
251,10,2020-08-01,0.0,815517026999,TMALL,242.3003166909037,Ultra Repair,644.0,0.0,0.0,0.0,8,4,1434.3636363636363,1
252,10,2020-09-01,0.0,815517026999,TMALL,242.3003166909037,Ultra Repair,1128.0,0.0,1.0,0.0,0,0,1434.3636363636363,1
253,10,2020-10-01,0.0,815517026999,TMALL,242.3003166909037,Ultra Repair,155.0,0.0,0.0,0.0,4,4,1434.3636363636363,1
254,10,2020-11-01,0.0,815517026999,TMALL,242.3003166909037,Ultra Repair,1664.0,1.0,0.0,0.0,0,0,1434.3636363636363,1
255,10,2020-12-01,0.0,815517026999,TMALL,242.3003166909037,Ultra Repair,401.5,0.0,0.0,1.0,0,0,1434.3636363636363,1
256,10,2021-01-01,0.0,815517026999,TMALL,242.3003166909037,Ultra Repair,219.5,0.0,0.0,0.0,4,4,1434.3636363636363,1
257,10,2021-02-01,0.0,815517026999,TMALL,242.3003166909037,Ultra Repair,179.5,0.0,0.0,1.0,0,0,1434.3636363636363,1
258,10,2021-03-01,0.0,815517026999,TMALL,242.3003166909037,Ultra Repair,2074.5,0.0,1.0,0.0,0,0,1434.3636363636363,1
259,10,2021-04-01,26188.0,815517026999,TMALL,242.3003166909037,Ultra Repair,13486.5,0.0,0.0,0.0,4,4,1434.3636363636363,1
260,10,2021-05-01,2336.0,815517026999,TMALL,242.3003166909037,Ultra Repair,5279.5,0.0,0.0,1.0,0,0,1434.3636363636363,1
261,10,2021-06-01,14562.0,815517026999,TMALL,242.3003166909037,Ultra Repair,11491.5,0.0,1.0,0.0,0,0,1434.3636363636363,1
262,10,2021-07-01,3199.0,815517026999,TMALL,242.3003166909037,Ultra Repair,2426.6666666666665,0.0,0.0,0.0,4,8,1434.3636363636363,1
263,10,2021-08-01,1288.0,815517026999,TMALL,242.3003166909037,Ultra Repair,644.0,0.0,0.0,0.0,8,4,1434.3636363636363,1
264,10,2021-09-01,2256.0,815517026999,TMALL,242.3003166909037,Ultra Repair,1128.0,0.0,1.0,0.0,0,0,1434.3636363636363,1
265,10,2021-10-01,310.0,815517026999,TMALL,242.3003166909037,Ultra Repair,155.0,0.0,0.0,0.0,4,4,1434.3636363636363,1
266,10,2021-11-01,3328.0,815517026999,TMALL,242.3003166909037,Ultra Repair,1664.0,1.0,0.0,0.0,0,0,1434.3636363636363,1
267,10,2021-12-01,803.0,815517026999,TMALL,242.3003166909037,Ultra Repair,401.5,0.0,0.0,1.0,0,0,1434.3636363636363,1
268,10,2022-01-01,439.0,815517026999,TMALL,249.443624733475,Ultra Repair,219.5,0.0,0.0,0.0,4,4,1434.3636363636363,1
269,10,2022-02-01,359.0,815517026999,TMALL,279.527005494505,Ultra Repair,179.5,0.0,0.0,1.0,0,0,1434.3636363636363,1
270,10,2022-03-01,4149.0,815517026999,TMALL,244.015161923454,Ultra Repair,2074.5,0.0,1.0,0.0,0,0,1434.3636363636363,1
271,10,2022-04-01,785.0,815517026999,TMALL,255.86391908976,Ultra Repair,13486.5,0.0,0.0,0.0,4,4,1434.3636363636363,1
272,10,2022-05-01,8223.0,815517026999,TMALL,230.106357428381,Ultra Repair,5279.5,0.0,0.0,1.0,0,0,1434.3636363636363,1
273,10,2022-06-01,8421.0,815517026999,TMALL,230.4434684982169,Ultra Repair,11491.5,0.0,1.0,0.0,0,0,1434.3636363636363,1
274,10,2022-07-01,4081.0,815517026999,TMALL,230.4434684982169,Ultra Repair,2426.6666666666665,0.0,0.0,0.0,4,8,1434.3636363636363,1
275,11,2020-07-01,0.0,815517027163,TMALL,103.70144788310704,Face,516.0,0.0,0.0,0.0,4,8,543.3636363636364,1
276,11,2020-08-01,0.0,815517027163,TMALL,103.70144788310704,Face,321.0,0.0,0.0,0.0,8,4,543.3636363636364,1
277,11,2020-09-01,0.0,815517027163,TMALL,103.70144788310704,Face,735.0,0.0,1.0,0.0,0,0,543.3636363636364,1
278,11,2020-10-01,0.0,815517027163,TMALL,103.70144788310704,Face,131.0,0.0,0.0,0.0,4,4,543.3636363636364,1
279,11,2020-11-01,0.0,815517027163,TMALL,103.70144788310704,Face,1218.0,1.0,0.0,0.0,0,0,543.3636363636364,1
280,11,2020-12-01,0.0,815517027163,TMALL,103.70144788310704,Face,1102.5,0.0,0.0,1.0,0,0,543.3636363636364,1
281,11,2021-01-01,0.0,815517027163,TMALL,103.70144788310704,Face,234.5,0.0,0.0,0.0,4,4,543.3636363636364,1
282,11,2021-02-01,11.0,815517027163,TMALL,103.70144788310704,Face,130.5,0.0,0.0,1.0,0,0,543.3636363636364,1
283,11,2021-03-01,2057.0,815517027163,TMALL,103.70144788310704,Face,1271.5,0.0,1.0,0.0,0,0,543.3636363636364,1
284,11,2021-04-01,21091.0,815517027163,TMALL,103.70144788310704,Face,10711.5,0.0,0.0,0.0,4,4,543.3636363636364,1
285,11,2021-05-01,465.0,815517027163,TMALL,103.70144788310704,Face,541.5,0.0,0.0,1.0,0,0,543.3636363636364,1
286,11,2021-06-01,7362.0,815517027163,TMALL,103.70144788310704,Face,4250.5,0.0,1.0,0.0,0,0,543.3636363636364,1
287,11,2021-07-01,1028.0,815517027163,TMALL,103.70144788310704,Face,516.0,0.0,0.0,0.0,4,8,543.3636363636364,1
288,11,2021-08-01,642.0,815517027163,TMALL,103.70144788310704,Face,321.0,0.0,0.0,0.0,8,4,543.3636363636364,1
289,11,2021-09-01,1470.0,815517027163,TMALL,103.70144788310704,Face,735.0,0.0,1.0,0.0,0,0,543.3636363636364,1
290,11,2021-10-01,262.0,815517027163,TMALL,103.70144788310704,Face,131.0,0.0,0.0,0.0,4,4,543.3636363636364,1
291,11,2021-11-01,2436.0,815517027163,TMALL,103.70144788310704,Face,1218.0,1.0,0.0,0.0,0,0,543.3636363636364,1
292,11,2021-12-01,2205.0,815517027163,TMALL,103.70144788310704,Face,1102.5,0.0,0.0,1.0,0,0,543.3636363636364,1
293,11,2022-01-01,469.0,815517027163,TMALL,100.05198130841102,Face,234.5,0.0,0.0,0.0,4,4,543.3636363636364,1
294,11,2022-02-01,250.0,815517027163,TMALL,106.30102189781,Face,130.5,0.0,0.0,1.0,0,0,543.3636363636364,1
295,11,2022-03-01,486.0,815517027163,TMALL,88.8767899159664,Face,1271.5,0.0,1.0,0.0,0,0,543.3636363636364,1
296,11,2022-04-01,332.0,815517027163,TMALL,102.142152173913,Face,10711.5,0.0,0.0,0.0,4,4,543.3636363636364,1
297,11,2022-05-01,618.0,815517027163,TMALL,90.2302346570397,Face,541.5,0.0,0.0,1.0,0,0,543.3636363636364,1
298,11,2022-06-01,1139.0,815517027163,TMALL,78.6738375558867,Face,4250.5,0.0,1.0,0.0,0,0,543.3636363636364,1
299,11,2022-07-01,520.0,815517027163,TMALL,78.6738375558867,Face,516.0,0.0,0.0,0.0,4,8,543.3636363636364,1
300,12,2020-07-01,0.0,815517027170,TMALL,202.16,Face,92.0,0.0,0.0,0.0,4,8,266.04545454545456,0
301,12,2020-08-01,0.0,815517027170,TMALL,202.16,Face,0.0,0.0,0.0,0.0,8,4,266.04545454545456,0
302,12,2020-09-01,0.0,815517027170,TMALL,202.16,Face,0.0,0.0,1.0,0.0,0,0,266.04545454545456,0
303,12,2020-10-01,0.0,815517027170,TMALL,202.16,Face,0.0,0.0,0.0,0.0,4,4,266.04545454545456,0
304,12,2020-11-01,0.0,815517027170,TMALL,202.16,Face,0.0,1.0,0.0,0.0,0,0,266.04545454545456,0
305,12,2020-12-01,0.0,815517027170,TMALL,202.16,Face,2713.5,0.0,0.0,1.0,0,0,266.04545454545456,0
306,12,2021-01-01,0.0,815517027170,TMALL,202.16,Face,1574.0,0.0,0.0,0.0,4,4,266.04545454545456,0
307,12,2021-02-01,0.0,815517027170,TMALL,202.16,Face,398.0,0.0,0.0,1.0,0,0,266.04545454545456,0
308,12,2021-03-01,0.0,815517027170,TMALL,202.16,Face,3686.5,0.0,1.0,0.0,0,0,266.04545454545456,0
309,12,2021-04-01,0.0,815517027170,TMALL,202.16,Face,145.5,0.0,0.0,0.0,4,4,266.04545454545456,0
310,12,2021-05-01,0.0,815517027170,TMALL,202.16,Face,1381.5,0.0,0.0,1.0,0,0,266.04545454545456,0
311,12,2021-06-01,0.0,815517027170,TMALL,202.16,Face,863.5,0.0,1.0,0.0,0,0,266.04545454545456,0
312,12,2021-07-01,0.0,815517027170,TMALL,202.16,Face,92.0,0.0,0.0,0.0,4,8,266.04545454545456,0
313,12,2021-08-01,0.0,815517027170,TMALL,202.16,Face,0.0,0.0,0.0,0.0,8,4,266.04545454545456,0
314,12,2021-09-01,0.0,815517027170,TMALL,202.16,Face,0.0,0.0,1.0,0.0,0,0,266.04545454545456,0
315,12,2021-10-01,0.0,815517027170,TMALL,202.16,Face,0.0,0.0,0.0,0.0,4,4,266.04545454545456,0
316,12,2021-11-01,0.0,815517027170,TMALL,202.16,Face,0.0,1.0,0.0,0.0,0,0,266.04545454545456,0
317,12,2021-12-01,5427.0,815517027170,TMALL,202.16,Face,2713.5,0.0,0.0,1.0,0,0,266.04545454545456,0
318,12,2022-01-01,3148.0,815517027170,TMALL,200.42747826087,Face,1574.0,0.0,0.0,0.0,4,4,266.04545454545456,0
319,12,2022-02-01,796.0,815517027170,TMALL,219.123743654822,Face,398.0,0.0,0.0,1.0,0,0,266.04545454545456,0
320,12,2022-03-01,7373.0,815517027170,TMALL,184.17350060056097,Face,3686.5,0.0,1.0,0.0,0,0,266.04545454545456,0
321,12,2022-04-01,291.0,815517027170,TMALL,218.362157534247,Face,145.5,0.0,0.0,0.0,4,4,266.04545454545456,0
322,12,2022-05-01,2763.0,815517027170,TMALL,164.815239916551,Face,1381.5,0.0,0.0,1.0,0,0,266.04545454545456,0
323,12,2022-06-01,1727.0,815517027170,TMALL,165.80218543046357,Face,863.5,0.0,1.0,0.0,0,0,266.04545454545456,0
324,12,2022-07-01,276.0,815517027170,TMALL,165.80218543046357,Face,92.0,0.0,0.0,0.0,4,8,266.04545454545456,0
325,13,2020-07-01,0.0,815517027606,TMALL,110.69423668639052,Face,5.333333333333333,0.0,0.0,0.0,4,8,12.130434782608695,1
326,13,2020-08-01,0.0,815517027606,TMALL,110.69423668639052,Face,0.0,0.0,0.0,0.0,8,4,12.130434782608695,1
327,13,2020-09-01,0.0,815517027606,TMALL,110.69423668639052,Face,22.0,0.0,1.0,0.0,0,0,12.130434782608695,1
328,13,2020-10-01,0.0,815517027606,TMALL,110.69423668639052,Face,28.0,0.0,0.0,0.0,4,4,12.130434782608695,1
329,13,2020-11-01,0.0,815517027606,TMALL,110.69423668639052,Face,372.0,1.0,0.0,0.0,0,0,12.130434782608695,1
330,13,2020-12-01,0.0,815517027606,TMALL,110.69423668639052,Face,18.0,0.0,0.0,1.0,0,0,12.130434782608695,1
331,13,2021-01-01,0.0,815517027606,TMALL,110.69423668639052,Face,10.0,0.0,0.0,0.0,4,4,12.130434782608695,1
332,13,2021-02-01,0.0,815517027606,TMALL,110.69423668639052,Face,6.0,0.0,0.0,1.0,0,0,12.130434782608695,1
333,13,2021-03-01,0.0,815517027606,TMALL,110.69423668639052,Face,16.0,0.0,1.0,0.0,0,0,12.130434782608695,1
334,13,2021-04-01,0.0,815517027606,TMALL,110.69423668639052,Face,3.5,0.0,0.0,0.0,4,4,12.130434782608695,1
335,13,2021-05-01,0.0,815517027606,TMALL,110.69423668639052,Face,328.5,0.0,0.0,1.0,0,0,12.130434782608695,1
336,13,2021-06-01,0.0,815517027606,TMALL,110.69423668639052,Face,28.0,0.0,1.0,0.0,0,0,12.130434782608695,1
337,13,2021-07-01,0.0,815517027606,TMALL,110.69423668639052,Face,5.333333333333333,0.0,0.0,0.0,4,8,12.130434782608695,1
338,13,2021-08-01,0.0,815517027606,TMALL,110.69423668639052,Face,0.0,0.0,0.0,0.0,8,4,12.130434782608695,1
339,13,2021-09-01,44.0,815517027606,TMALL,110.69423668639052,Face,22.0,0.0,1.0,0.0,0,0,12.130434782608695,1
340,13,2021-10-01,56.0,815517027606,TMALL,110.69423668639052,Face,28.0,0.0,0.0,0.0,4,4,12.130434782608695,1
341,13,2021-11-01,744.0,815517027606,TMALL,110.69423668639052,Face,372.0,1.0,0.0,0.0,0,0,12.130434782608695,1
342,13,2021-12-01,36.0,815517027606,TMALL,110.69423668639052,Face,18.0,0.0,0.0,1.0,0,0,12.130434782608695,1
343,13,2022-01-01,20.0,815517027606,TMALL,177.184444444444,Face,10.0,0.0,0.0,0.0,4,4,12.130434782608695,1
344,13,2022-02-01,12.0,815517027606,TMALL,207.708666666667,Face,6.0,0.0,0.0,1.0,0,0,12.130434782608695,1
345,13,2022-03-01,32.0,815517027606,TMALL,119.09354838709699,Face,16.0,0.0,1.0,0.0,0,0,12.130434782608695,1
346,13,2022-04-01,7.0,815517027606,TMALL,187.725,Face,3.5,0.0,0.0,0.0,4,4,12.130434782608695,1
347,13,2022-05-01,657.0,815517027606,TMALL,121.50591809775399,Face,328.5,0.0,0.0,1.0,0,0,12.130434782608695,1
348,13,2022-06-01,56.0,815517027606,TMALL,162.2445945945946,Face,28.0,0.0,1.0,0.0,0,0,12.130434782608695,1
349,13,2022-07-01,16.0,815517027606,TMALL,162.2445945945946,Face,5.333333333333333,0.0,0.0,0.0,4,8,12.130434782608695,1
350,14,2020-07-01,0.0,815517027613,TMALL,83.94805440440676,Oil,104.0,0.0,0.0,0.0,4,8,237.0909090909091,1
351,14,2020-08-01,0.0,815517027613,TMALL,83.94805440440676,Oil,0.0,0.0,0.0,0.0,8,4,237.0909090909091,1
352,14,2020-09-01,0.0,815517027613,TMALL,83.94805440440676,Oil,1494.5,0.0,1.0,0.0,0,0,237.0909090909091,1
353,14,2020-10-01,0.0,815517027613,TMALL,83.94805440440676,Oil,285.5,0.0,0.0,0.0,4,4,237.0909090909091,1
354,14,2020-11-01,0.0,815517027613,TMALL,83.94805440440676,Oil,2680.5,1.0,0.0,0.0,0,0,237.0909090909091,1
355,14,2020-12-01,0.0,815517027613,TMALL,83.94805440440676,Oil,118.5,0.0,0.0,1.0,0,0,237.0909090909091,1
356,14,2021-01-01,0.0,815517027613,TMALL,83.94805440440676,Oil,0.0,0.0,0.0,0.0,4,4,237.0909090909091,1
357,14,2021-02-01,0.0,815517027613,TMALL,83.94805440440676,Oil,0.0,0.0,0.0,1.0,0,0,237.0909090909091,1
358,14,2021-03-01,0.0,815517027613,TMALL,83.94805440440676,Oil,2058.5,0.0,1.0,0.0,0,0,237.0909090909091,1
359,14,2021-04-01,0.0,815517027613,TMALL,83.94805440440676,Oil,56.0,0.0,0.0,0.0,4,4,237.0909090909091,1
360,14,2021-05-01,0.0,815517027613,TMALL,83.94805440440676,Oil,910.0,0.0,0.0,1.0,0,0,237.0909090909091,1
361,14,2021-06-01,0.0,815517027613,TMALL,83.94805440440676,Oil,1082.0,0.0,1.0,0.0,0,0,237.0909090909091,1
362,14,2021-07-01,0.0,815517027613,TMALL,83.94805440440676,Oil,104.0,0.0,0.0,0.0,4,8,237.0909090909091,1
363,14,2021-08-01,0.0,815517027613,TMALL,83.94805440440676,Oil,0.0,0.0,0.0,0.0,8,4,237.0909090909091,1
364,14,2021-09-01,2989.0,815517027613,TMALL,83.94805440440676,Oil,1494.5,0.0,1.0,0.0,0,0,237.0909090909091,1
365,14,2021-10-01,571.0,815517027613,TMALL,83.94805440440676,Oil,285.5,0.0,0.0,0.0,4,4,237.0909090909091,1
366,14,2021-11-01,5361.0,815517027613,TMALL,83.94805440440676,Oil,2680.5,1.0,0.0,0.0,0,0,237.0909090909091,1
367,14,2021-12-01,237.0,815517027613,TMALL,83.94805440440676,Oil,118.5,0.0,0.0,1.0,0,0,237.0909090909091,1
368,14,2022-01-01,0.0,815517027613,TMALL,145.917894736842,Oil,0.0,0.0,0.0,0.0,4,4,237.0909090909091,1
369,14,2022-02-01,0.0,815517027613,TMALL,145.917894736842,Oil,0.0,0.0,0.0,1.0,0,0,237.0909090909091,1
370,14,2022-03-01,4117.0,815517027613,TMALL,107.511797752809,Oil,2058.5,0.0,1.0,0.0,0,0,237.0909090909091,1
371,14,2022-04-01,112.0,815517027613,TMALL,114.195806451613,Oil,56.0,0.0,0.0,0.0,4,4,237.0909090909091,1
372,14,2022-05-01,1820.0,815517027613,TMALL,144.166574074074,Oil,910.0,0.0,0.0,1.0,0,0,237.0909090909091,1
373,14,2022-06-01,2164.0,815517027613,TMALL,128.71114285714285,Oil,1082.0,0.0,1.0,0.0,0,0,237.0909090909091,1
374,14,2022-07-01,312.0,815517027613,TMALL,128.71114285714285,Oil,104.0,0.0,0.0,0.0,4,8,237.0909090909091,1
375,32,2022-01-01,169.0,815517025992,TMALL,196.688563829787,Face,169.0,0.0,0.0,0.0,4,4,155.33333333333334,0
376,32,2022-02-01,146.0,815517025992,TMALL,187.77461038961,Face,146.0,0.0,0.0,1.0,0,0,155.33333333333334,0
377,32,2022-03-01,315.0,815517025992,TMALL,160.24893258427,Face,315.0,0.0,1.0,0.0,0,0,155.33333333333334,0
378,32,2022-04-01,53.0,815517025992,TMALL,190.295128205128,Face,53.0,0.0,0.0,0.0,4,4,155.33333333333334,0
379,32,2022-05-01,202.0,815517025992,TMALL,167.116787148594,Face,202.0,0.0,0.0,1.0,0,0,155.33333333333334,0
380,32,2022-06-01,236.0,815517025992,TMALL,155.709662921348,Face,236.0,0.0,1.0,0.0,0,0,155.33333333333334,0
381,32,2022-07-01,126.0,815517025992,TMALL,155.709662921348,Face,126.0,0.0,0.0,0.0,4,8,155.33333333333334,0
382,33,2022-01-01,23.0,815517027491,TMALL,296.3412,Eye,23.0,0.0,0.0,0.0,4,4,26.5,0
383,33,2022-02-01,17.0,815517027491,TMALL,288.908333333333,Eye,17.0,0.0,0.0,1.0,0,0,26.5,0
384,33,2022-03-01,70.0,815517027491,TMALL,229.497333333333,Eye,70.0,0.0,1.0,0.0,0,0,26.5,0
385,33,2022-04-01,28.0,815517027491,TMALL,240.215333333333,Eye,28.0,0.0,0.0,0.0,4,4,26.5,0
386,33,2022-05-01,23.0,815517027491,TMALL,255.74416666666698,Eye,23.0,0.0,0.0,1.0,0,0,26.5,0
387,33,2022-06-01,54.0,815517027491,TMALL,221.87774193548387,Eye,54.0,0.0,1.0,0.0,0,0,26.5,0
388,33,2022-07-01,14.0,815517027491,TMALL,221.87774193548387,Eye,14.0,0.0,0.0,0.0,4,8,26.5,0
389,50,2022-06-01,1127.0,815517028122,TMALL,164.11242009132422,Oil,1127.0,0.0,1.0,0.0,0,0,1096.0,1
390,50,2022-07-01,1096.0,815517028122,TMALL,164.11242009132422,Oil,1096.0,0.0,0.0,0.0,4,8,1096.0,1
391,0,2022-08-01,108.0,815517026005,TMALL,240.064605042017,Ultra Repair,817.5,0.0,0.0,0.0,8,4,891.8636363636364,2
392,1,2022-08-01,0.0,815517026012,TMALL,124.79947368421053,Ultra Repair,1676.0,0.0,0.0,0.0,8,4,1068.9545454545455,1
393,2,2022-08-01,289.0,815517026029,TMALL,114.13260802469136,Face,369.5,0.0,0.0,0.0,8,4,617.0454545454545,0
394,3,2022-08-01,2288.0,815517026036,TMALL,114.626325581395,Ultra Repair,43028.0,0.0,0.0,0.0,8,4,14313.272727272728,2
395,4,2022-08-01,189.0,815517026043,TMALL,142.37338607594936,Ultra Repair,23.0,0.0,0.0,0.0,8,4,116.5,0
396,5,2022-08-01,16.0,815517026050,TMALL,246.4528235294118,Ultra Repair,6.5,0.0,0.0,0.0,8,4,15.954545454545455,0
397,6,2022-08-01,1509.0,815517026067,TMALL,131.90643333333333,Ultra Repair,14464.0,0.0,0.0,0.0,8,4,2284.0454545454545,2
398,7,2022-08-01,4013.0,815517026081,TMALL,77.97317835566064,Face,27749.5,0.0,0.0,0.0,8,4,4956.909090909091,2
399,8,2022-08-01,1217.0,815517026265,TMALL,173.990213957209,Ultra Repair,2188.5,0.0,0.0,0.0,8,4,4674.818181818182,1
400,9,2022-08-01,3112.0,815517026272,TMALL,133.1111172161172,Face,7100.0,0.0,0.0,0.0,8,4,1657.8636363636363,1
401,10,2022-08-01,6125.0,815517026999,TMALL,230.4434684982169,Ultra Repair,644.0,0.0,0.0,0.0,8,4,1434.3636363636363,1
402,11,2022-08-01,2161.0,815517027163,TMALL,78.6738375558867,Face,321.0,0.0,0.0,0.0,8,4,543.3636363636364,1
403,12,2022-08-01,839.0,815517027170,TMALL,165.80218543046357,Face,0.0,0.0,0.0,0.0,8,4,266.04545454545456,0
404,13,2022-08-01,44.0,815517027606,TMALL,162.2445945945946,Face,0.0,0.0,0.0,0.0,8,4,12.130434782608695,1
405,14,2022-08-01,1157.0,815517027613,TMALL,128.71114285714285,Oil,0.0,0.0,0.0,0.0,8,4,237.0909090909091,1
406,32,2022-08-01,205.0,815517025992,TMALL,155.709662921348,Face,,0.0,0.0,0.0,8,4,155.33333333333334,0
407,33,2022-08-01,11.0,815517027491,TMALL,221.87774193548387,Eye,,0.0,0.0,0.0,8,4,26.5,0
408,50,2022-08-01,2006.0,815517028122,TMALL,164.11242009132422,Oil,,0.0,0.0,0.0,8,4,1096.0,1
