,id,ts,y,sku,customer,price,ph_level2,y_mean_sku,y_std_sku,sku_percent,y_mean_sku_month
0,0,2020-07-01,49.0,815517026005,TMALL,263.87750777822095,Ultra Repair,1495.12,1896.9444140511864,0.021247580528261988,106.0
1,0,2020-08-01,1501.0,815517026005,TMALL,263.87750777822095,Ultra Repair,1495.12,1896.9444140511864,0.021247580528261988,817.5
2,0,2020-09-01,103.0,815517026005,TMALL,263.87750777822095,Ultra Repair,1495.12,1896.9444140511864,0.021247580528261988,404.0
3,0,2020-10-01,6780.0,815517026005,TMALL,263.87750777822095,Ultra Repair,1495.12,1896.9444140511864,0.021247580528261988,3611.5
4,0,2020-11-01,3996.0,815517026005,TMALL,263.87750777822095,Ultra Repair,1495.12,1896.9444140511864,0.021247580528261988,5488.5
5,0,2020-12-01,1065.0,815517026005,TMALL,263.87750777822095,Ultra Repair,1495.12,1896.9444140511864,0.021247580528261988,1990.0
6,0,2021-01-01,785.0,815517026005,TMALL,263.87750777822095,Ultra Repair,1495.12,1896.9444140511864,0.021247580528261988,1071.5
7,0,2021-02-01,146.0,815517026005,TMALL,263.87750777822095,Ultra Repair,1495.12,1896.9444140511864,0.021247580528261988,545.5
8,0,2021-03-01,630.0,815517026005,TMALL,263.87750777822095,Ultra Repair,1495.12,1896.9444140511864,0.021247580528261988,1255.5
9,0,2021-04-01,303.0,815517026005,TMALL,263.87750777822095,Ultra Repair,1495.12,1896.9444140511864,0.021247580528261988,490.5
10,0,2021-05-01,102.0,815517026005,TMALL,263.87750777822095,Ultra Repair,1495.12,1896.9444140511864,0.021247580528261988,1140.5
11,0,2021-06-01,1254.0,815517026005,TMALL,263.87750777822095,Ultra Repair,1495.12,1896.9444140511864,0.021247580528261988,1715.0
12,0,2021-07-01,94.0,815517026005,TMALL,263.87750777822095,Ultra Repair,1495.12,1896.9444140511864,0.021247580528261988,106.0
13,0,2021-08-01,134.0,815517026005,TMALL,263.87750777822095,Ultra Repair,1495.12,1896.9444140511864,0.021247580528261988,817.5
14,0,2021-09-01,705.0,815517026005,TMALL,263.87750777822095,Ultra Repair,1495.12,1896.9444140511864,0.021247580528261988,404.0
15,0,2021-10-01,443.0,815517026005,TMALL,263.87750777822095,Ultra Repair,1495.12,1896.9444140511864,0.021247580528261988,3611.5
16,0,2021-11-01,6981.0,815517026005,TMALL,263.87750777822095,Ultra Repair,1495.12,1896.9444140511864,0.021247580528261988,5488.5
17,0,2021-12-01,2915.0,815517026005,TMALL,263.87750777822095,Ultra Repair,1495.12,1896.9444140511864,0.021247580528261988,1990.0
18,0,2022-01-01,1358.0,815517026005,TMALL,291.728,Ultra Repair,1495.12,1896.9444140511864,0.021247580528261988,1071.5
19,0,2022-02-01,945.0,815517026005,TMALL,287.448372781065,Ultra Repair,1495.12,1896.9444140511864,0.021247580528261988,545.5
20,0,2022-03-01,1881.0,815517026005,TMALL,258.570757193337,Ultra Repair,1495.12,1896.9444140511864,0.021247580528261988,1255.5
21,0,2022-04-01,678.0,815517026005,TMALL,276.937506596306,Ultra Repair,1495.12,1896.9444140511864,0.021247580528261988,490.5
22,0,2022-05-01,2179.0,815517026005,TMALL,261.204415584416,Ultra Repair,1495.12,1896.9444140511864,0.021247580528261988,1140.5
23,0,2022-06-01,2176.0,815517026005,TMALL,240.064605042017,Ultra Repair,1495.12,1896.9444140511864,0.021247580528261988,1715.0
24,0,2022-07-01,175.0,815517026005,TMALL,0.0,Ultra Repair,1495.12,1896.9444140511864,0.021247580528261988,106.0
25,1,2020-07-01,164.0,815517026012,TMALL,73.64205132823413,Ultra Repair,4371.24,15024.286148544075,0.062120949427711444,176.0
26,1,2020-08-01,2867.0,815517026012,TMALL,73.64205132823413,Ultra Repair,4371.24,15024.286148544075,0.062120949427711444,1676.0
27,1,2020-09-01,750.0,815517026012,TMALL,73.64205132823413,Ultra Repair,4371.24,15024.286148544075,0.062120949427711444,38432.5
28,1,2020-10-01,4669.0,815517026012,TMALL,73.64205132823413,Ultra Repair,4371.24,15024.286148544075,0.062120949427711444,2334.5
29,1,2020-11-01,2918.0,815517026012,TMALL,73.64205132823413,Ultra Repair,4371.24,15024.286148544075,0.062120949427711444,1602.5
30,1,2020-12-01,2096.0,815517026012,TMALL,73.64205132823413,Ultra Repair,4371.24,15024.286148544075,0.062120949427711444,1313.5
31,1,2021-01-01,2580.0,815517026012,TMALL,73.64205132823413,Ultra Repair,4371.24,15024.286148544075,0.062120949427711444,3780.0
32,1,2021-02-01,384.0,815517026012,TMALL,73.64205132823413,Ultra Repair,4371.24,15024.286148544075,0.062120949427711444,520.5
33,1,2021-03-01,1681.0,815517026012,TMALL,73.64205132823413,Ultra Repair,4371.24,15024.286148544075,0.062120949427711444,1217.0
34,1,2021-04-01,3893.0,815517026012,TMALL,73.64205132823413,Ultra Repair,4371.24,15024.286148544075,0.062120949427711444,1946.5
35,1,2021-05-01,536.0,815517026012,TMALL,73.64205132823413,Ultra Repair,4371.24,15024.286148544075,0.062120949427711444,268.0
36,1,2021-06-01,2567.0,815517026012,TMALL,73.64205132823413,Ultra Repair,4371.24,15024.286148544075,0.062120949427711444,1285.5
37,1,2021-07-01,351.0,815517026012,TMALL,73.64205132823413,Ultra Repair,4371.24,15024.286148544075,0.062120949427711444,176.0
38,1,2021-08-01,485.0,815517026012,TMALL,73.64205132823413,Ultra Repair,4371.24,15024.286148544075,0.062120949427711444,1676.0
39,1,2021-09-01,76115.0,815517026012,TMALL,73.64205132823413,Ultra Repair,4371.24,15024.286148544075,0.062120949427711444,38432.5
40,1,2021-10-01,0.0,815517026012,TMALL,73.64205132823413,Ultra Repair,4371.24,15024.286148544075,0.062120949427711444,2334.5
41,1,2021-11-01,287.0,815517026012,TMALL,73.64205132823413,Ultra Repair,4371.24,15024.286148544075,0.062120949427711444,1602.5
42,1,2021-12-01,531.0,815517026012,TMALL,73.64205132823413,Ultra Repair,4371.24,15024.286148544075,0.062120949427711444,1313.5
43,1,2022-01-01,4980.0,815517026012,TMALL,84.4563395012068,Ultra Repair,4371.24,15024.286148544075,0.062120949427711444,3780.0
44,1,2022-02-01,657.0,815517026012,TMALL,65.72998643147896,Ultra Repair,4371.24,15024.286148544075,0.062120949427711444,520.5
45,1,2022-03-01,753.0,815517026012,TMALL,60.1005586592179,Ultra Repair,4371.24,15024.286148544075,0.062120949427711444,1217.0
46,1,2022-04-01,0.0,815517026012,TMALL,60.9455252918288,Ultra Repair,4371.24,15024.286148544075,0.062120949427711444,1946.5
47,1,2022-05-01,0.0,815517026012,TMALL,146.0,Ultra Repair,4371.24,15024.286148544075,0.062120949427711444,268.0
48,1,2022-06-01,4.0,815517026012,TMALL,124.79947368421053,Ultra Repair,4371.24,15024.286148544075,0.062120949427711444,1285.5
49,1,2022-07-01,13.0,815517026012,TMALL,0.0,Ultra Repair,4371.24,15024.286148544075,0.062120949427711444,176.0
50,2,2020-07-01,0.0,815517026029,TMALL,119.28135590003164,Face,933.84,1018.6112964881811,0.01327106894464135,287.6666666666667
51,2,2020-08-01,0.0,815517026029,TMALL,119.28135590003164,Face,933.84,1018.6112964881811,0.01327106894464135,369.5
52,2,2020-09-01,0.0,815517026029,TMALL,119.28135590003164,Face,933.84,1018.6112964881811,0.01327106894464135,1256.0
53,2,2020-10-01,0.0,815517026029,TMALL,119.28135590003164,Face,933.84,1018.6112964881811,0.01327106894464135,223.0
54,2,2020-11-01,0.0,815517026029,TMALL,119.28135590003164,Face,933.84,1018.6112964881811,0.01327106894464135,1926.0
55,2,2020-12-01,0.0,815517026029,TMALL,119.28135590003164,Face,933.84,1018.6112964881811,0.01327106894464135,648.0
56,2,2021-01-01,262.0,815517026029,TMALL,119.28135590003164,Face,933.84,1018.6112964881811,0.01327106894464135,759.5
57,2,2021-02-01,421.0,815517026029,TMALL,119.28135590003164,Face,933.84,1018.6112964881811,0.01327106894464135,682.5
58,2,2021-03-01,1561.0,815517026029,TMALL,119.28135590003164,Face,933.84,1018.6112964881811,0.01327106894464135,1399.0
59,2,2021-04-01,1104.0,815517026029,TMALL,119.28135590003164,Face,933.84,1018.6112964881811,0.01327106894464135,835.0
60,2,2021-05-01,814.0,815517026029,TMALL,119.28135590003164,Face,933.84,1018.6112964881811,0.01327106894464135,912.5
61,2,2021-06-01,3407.0,815517026029,TMALL,119.28135590003164,Face,933.84,1018.6112964881811,0.01327106894464135,2230.5
62,2,2021-07-01,688.0,815517026029,TMALL,119.28135590003164,Face,933.84,1018.6112964881811,0.01327106894464135,287.6666666666667
63,2,2021-08-01,739.0,815517026029,TMALL,119.28135590003164,Face,933.84,1018.6112964881811,0.01327106894464135,369.5
64,2,2021-09-01,2512.0,815517026029,TMALL,119.28135590003164,Face,933.84,1018.6112964881811,0.01327106894464135,1256.0
65,2,2021-10-01,446.0,815517026029,TMALL,119.28135590003164,Face,933.84,1018.6112964881811,0.01327106894464135,223.0
66,2,2021-11-01,3852.0,815517026029,TMALL,119.28135590003164,Face,933.84,1018.6112964881811,0.01327106894464135,1926.0
67,2,2021-12-01,1296.0,815517026029,TMALL,119.28135590003164,Face,933.84,1018.6112964881811,0.01327106894464135,648.0
68,2,2022-01-01,1257.0,815517026029,TMALL,119.561753889675,Face,933.84,1018.6112964881811,0.01327106894464135,759.5
69,2,2022-02-01,944.0,815517026029,TMALL,153.677423494571,Face,933.84,1018.6112964881811,0.01327106894464135,682.5
70,2,2022-03-01,1237.0,815517026029,TMALL,134.875357364823,Face,933.84,1018.6112964881811,0.01327106894464135,1399.0
71,2,2022-04-01,566.0,815517026029,TMALL,147.057667638484,Face,933.84,1018.6112964881811,0.01327106894464135,835.0
72,2,2022-05-01,1011.0,815517026029,TMALL,123.661451483561,Face,933.84,1018.6112964881811,0.01327106894464135,912.5
73,2,2022-06-01,1054.0,815517026029,TMALL,114.13260802469136,Face,933.84,1018.6112964881811,0.01327106894464135,2230.5
74,2,2022-07-01,175.0,815517026029,TMALL,0.0,Face,933.84,1018.6112964881811,0.01327106894464135,287.6666666666667
75,3,2020-07-01,614.0,815517026036,TMALL,112.94600649737087,Ultra Repair,25325.28,34207.131565800715,0.35990484121728206,1409.6666666666667
76,3,2020-08-01,82647.0,815517026036,TMALL,112.94600649737087,Ultra Repair,25325.28,34207.131565800715,0.35990484121728206,43028.0
77,3,2020-09-01,7194.0,815517026036,TMALL,112.94600649737087,Ultra Repair,25325.28,34207.131565800715,0.35990484121728206,15245.0
78,3,2020-10-01,127667.0,815517026036,TMALL,112.94600649737087,Ultra Repair,25325.28,34207.131565800715,0.35990484121728206,71037.5
79,3,2020-11-01,68044.0,815517026036,TMALL,112.94600649737087,Ultra Repair,25325.28,34207.131565800715,0.35990484121728206,87985.0
80,3,2020-12-01,19815.0,815517026036,TMALL,112.94600649737087,Ultra Repair,25325.28,34207.131565800715,0.35990484121728206,22413.0
81,3,2021-01-01,18613.0,815517026036,TMALL,112.94600649737087,Ultra Repair,25325.28,34207.131565800715,0.35990484121728206,21346.5
82,3,2021-02-01,5803.0,815517026036,TMALL,112.94600649737087,Ultra Repair,25325.28,34207.131565800715,0.35990484121728206,5252.0
83,3,2021-03-01,25964.0,815517026036,TMALL,112.94600649737087,Ultra Repair,25325.28,34207.131565800715,0.35990484121728206,16807.0
84,3,2021-04-01,12484.0,815517026036,TMALL,112.94600649737087,Ultra Repair,25325.28,34207.131565800715,0.35990484121728206,7675.0
85,3,2021-05-01,5853.0,815517026036,TMALL,112.94600649737087,Ultra Repair,25325.28,34207.131565800715,0.35990484121728206,6154.5
86,3,2021-06-01,29813.0,815517026036,TMALL,112.94600649737087,Ultra Repair,25325.28,34207.131565800715,0.35990484121728206,17508.0
87,3,2021-07-01,2331.0,815517026036,TMALL,112.94600649737087,Ultra Repair,25325.28,34207.131565800715,0.35990484121728206,1409.6666666666667
88,3,2021-08-01,3409.0,815517026036,TMALL,112.94600649737087,Ultra Repair,25325.28,34207.131565800715,0.35990484121728206,43028.0
89,3,2021-09-01,23296.0,815517026036,TMALL,112.94600649737087,Ultra Repair,25325.28,34207.131565800715,0.35990484121728206,15245.0
90,3,2021-10-01,14408.0,815517026036,TMALL,112.94600649737087,Ultra Repair,25325.28,34207.131565800715,0.35990484121728206,71037.5
91,3,2021-11-01,107926.0,815517026036,TMALL,112.94600649737087,Ultra Repair,25325.28,34207.131565800715,0.35990484121728206,87985.0
92,3,2021-12-01,25011.0,815517026036,TMALL,112.94600649737087,Ultra Repair,25325.28,34207.131565800715,0.35990484121728206,22413.0
93,3,2022-01-01,24080.0,815517026036,TMALL,124.883480907582,Ultra Repair,25325.28,34207.131565800715,0.35990484121728206,21346.5
94,3,2022-02-01,4701.0,815517026036,TMALL,153.883483193277,Ultra Repair,25325.28,34207.131565800715,0.35990484121728206,5252.0
95,3,2022-03-01,7650.0,815517026036,TMALL,134.489917986743,Ultra Repair,25325.28,34207.131565800715,0.35990484121728206,16807.0
96,3,2022-04-01,2866.0,815517026036,TMALL,147.596287878788,Ultra Repair,25325.28,34207.131565800715,0.35990484121728206,7675.0
97,3,2022-05-01,6456.0,815517026036,TMALL,130.180898282695,Ultra Repair,25325.28,34207.131565800715,0.35990484121728206,6154.5
98,3,2022-06-01,5203.0,815517026036,TMALL,114.626325581395,Ultra Repair,25325.28,34207.131565800715,0.35990484121728206,17508.0
99,3,2022-07-01,1284.0,815517026036,TMALL,0.0,Ultra Repair,25325.28,34207.131565800715,0.35990484121728206,1409.6666666666667
100,4,2020-07-01,0.0,815517026043,TMALL,206.76662253528596,Ultra Repair,163.0,168.03695030161273,0.0023164399018852696,55.333333333333336
101,4,2020-08-01,0.0,815517026043,TMALL,206.76662253528596,Ultra Repair,163.0,168.03695030161273,0.0023164399018852696,23.0
102,4,2020-09-01,0.0,815517026043,TMALL,206.76662253528596,Ultra Repair,163.0,168.03695030161273,0.0023164399018852696,114.0
103,4,2020-10-01,0.0,815517026043,TMALL,206.76662253528596,Ultra Repair,163.0,168.03695030161273,0.0023164399018852696,53.0
104,4,2020-11-01,0.0,815517026043,TMALL,206.76662253528596,Ultra Repair,163.0,168.03695030161273,0.0023164399018852696,301.0
105,4,2020-12-01,0.0,815517026043,TMALL,206.76662253528596,Ultra Repair,163.0,168.03695030161273,0.0023164399018852696,140.0
106,4,2021-01-01,34.0,815517026043,TMALL,206.76662253528596,Ultra Repair,163.0,168.03695030161273,0.0023164399018852696,134.5
107,4,2021-02-01,28.0,815517026043,TMALL,206.76662253528596,Ultra Repair,163.0,168.03695030161273,0.0023164399018852696,109.0
108,4,2021-03-01,119.0,815517026043,TMALL,206.76662253528596,Ultra Repair,163.0,168.03695030161273,0.0023164399018852696,299.0
109,4,2021-04-01,223.0,815517026043,TMALL,206.76662253528596,Ultra Repair,163.0,168.03695030161273,0.0023164399018852696,195.0
110,4,2021-05-01,95.0,815517026043,TMALL,206.76662253528596,Ultra Repair,163.0,168.03695030161273,0.0023164399018852696,209.5
111,4,2021-06-01,322.0,815517026043,TMALL,206.76662253528596,Ultra Repair,163.0,168.03695030161273,0.0023164399018852696,376.5
112,4,2021-07-01,38.0,815517026043,TMALL,206.76662253528596,Ultra Repair,163.0,168.03695030161273,0.0023164399018852696,55.333333333333336
113,4,2021-08-01,46.0,815517026043,TMALL,206.76662253528596,Ultra Repair,163.0,168.03695030161273,0.0023164399018852696,23.0
114,4,2021-09-01,228.0,815517026043,TMALL,206.76662253528596,Ultra Repair,163.0,168.03695030161273,0.0023164399018852696,114.0
115,4,2021-10-01,106.0,815517026043,TMALL,206.76662253528596,Ultra Repair,163.0,168.03695030161273,0.0023164399018852696,53.0
116,4,2021-11-01,602.0,815517026043,TMALL,206.76662253528596,Ultra Repair,163.0,168.03695030161273,0.0023164399018852696,301.0
117,4,2021-12-01,280.0,815517026043,TMALL,206.76662253528596,Ultra Repair,163.0,168.03695030161273,0.0023164399018852696,140.0
118,4,2022-01-01,235.0,815517026043,TMALL,176.11092165898603,Ultra Repair,163.0,168.03695030161273,0.0023164399018852696,134.5
119,4,2022-02-01,190.0,815517026043,TMALL,187.775076923077,Ultra Repair,163.0,168.03695030161273,0.0023164399018852696,109.0
120,4,2022-03-01,479.0,815517026043,TMALL,154.905165562914,Ultra Repair,163.0,168.03695030161273,0.0023164399018852696,299.0
121,4,2022-04-01,167.0,815517026043,TMALL,175.220384615385,Ultra Repair,163.0,168.03695030161273,0.0023164399018852696,195.0
122,4,2022-05-01,324.0,815517026043,TMALL,156.788666666667,Ultra Repair,163.0,168.03695030161273,0.0023164399018852696,209.5
123,4,2022-06-01,431.0,815517026043,TMALL,142.37338607594936,Ultra Repair,163.0,168.03695030161273,0.0023164399018852696,376.5
124,4,2022-07-01,128.0,815517026043,TMALL,0.0,Ultra Repair,163.0,168.03695030161273,0.0023164399018852696,55.333333333333336
125,5,2020-07-01,0.0,815517026050,TMALL,317.8406282722513,Ultra Repair,22.44,24.154157682132766,0.0003189012969221193,9.0
126,5,2020-08-01,0.0,815517026050,TMALL,317.8406282722513,Ultra Repair,22.44,24.154157682132766,0.0003189012969221193,6.5
127,5,2020-09-01,0.0,815517026050,TMALL,317.8406282722513,Ultra Repair,22.44,24.154157682132766,0.0003189012969221193,29.0
128,5,2020-10-01,0.0,815517026050,TMALL,317.8406282722513,Ultra Repair,22.44,24.154157682132766,0.0003189012969221193,0.5
129,5,2020-11-01,0.0,815517026050,TMALL,317.8406282722513,Ultra Repair,22.44,24.154157682132766,0.0003189012969221193,11.5
130,5,2020-12-01,0.0,815517026050,TMALL,317.8406282722513,Ultra Repair,22.44,24.154157682132766,0.0003189012969221193,32.0
131,5,2021-01-01,7.0,815517026050,TMALL,317.8406282722513,Ultra Repair,22.44,24.154157682132766,0.0003189012969221193,21.0
132,5,2021-02-01,10.0,815517026050,TMALL,317.8406282722513,Ultra Repair,22.44,24.154157682132766,0.0003189012969221193,25.5
133,5,2021-03-01,11.0,815517026050,TMALL,317.8406282722513,Ultra Repair,22.44,24.154157682132766,0.0003189012969221193,47.5
134,5,2021-04-01,25.0,815517026050,TMALL,317.8406282722513,Ultra Repair,22.44,24.154157682132766,0.0003189012969221193,24.0
135,5,2021-05-01,4.0,815517026050,TMALL,317.8406282722513,Ultra Repair,22.44,24.154157682132766,0.0003189012969221193,24.5
136,5,2021-06-01,28.0,815517026050,TMALL,317.8406282722513,Ultra Repair,22.44,24.154157682132766,0.0003189012969221193,45.0
137,5,2021-07-01,11.0,815517026050,TMALL,317.8406282722513,Ultra Repair,22.44,24.154157682132766,0.0003189012969221193,9.0
138,5,2021-08-01,13.0,815517026050,TMALL,317.8406282722513,Ultra Repair,22.44,24.154157682132766,0.0003189012969221193,6.5
139,5,2021-09-01,58.0,815517026050,TMALL,317.8406282722513,Ultra Repair,22.44,24.154157682132766,0.0003189012969221193,29.0
140,5,2021-10-01,1.0,815517026050,TMALL,317.8406282722513,Ultra Repair,22.44,24.154157682132766,0.0003189012969221193,0.5
141,5,2021-11-01,23.0,815517026050,TMALL,317.8406282722513,Ultra Repair,22.44,24.154157682132766,0.0003189012969221193,11.5
142,5,2021-12-01,64.0,815517026050,TMALL,317.8406282722513,Ultra Repair,22.44,24.154157682132766,0.0003189012969221193,32.0
143,5,2022-01-01,35.0,815517026050,TMALL,283.586744186046,Ultra Repair,22.44,24.154157682132766,0.0003189012969221193,21.0
144,5,2022-02-01,41.0,815517026050,TMALL,288.869772727273,Ultra Repair,22.44,24.154157682132766,0.0003189012969221193,25.5
145,5,2022-03-01,84.0,815517026050,TMALL,250.381647058824,Ultra Repair,22.44,24.154157682132766,0.0003189012969221193,47.5
146,5,2022-04-01,23.0,815517026050,TMALL,266.6712,Ultra Repair,22.44,24.154157682132766,0.0003189012969221193,24.0
147,5,2022-05-01,45.0,815517026050,TMALL,257.703166666667,Ultra Repair,22.44,24.154157682132766,0.0003189012969221193,24.5
148,5,2022-06-01,62.0,815517026050,TMALL,246.4528235294118,Ultra Repair,22.44,24.154157682132766,0.0003189012969221193,45.0
149,5,2022-07-01,16.0,815517026050,TMALL,0.0,Ultra Repair,22.44,24.154157682132766,0.0003189012969221193,9.0
150,6,2020-07-01,183.0,815517026067,TMALL,130.92719208022964,Ultra Repair,4601.56,6929.516115141084,0.06539409322036308,569.0
151,6,2020-08-01,27771.0,815517026067,TMALL,130.92719208022964,Ultra Repair,4601.56,6929.516115141084,0.06539409322036308,14464.0
152,6,2020-09-01,1261.0,815517026067,TMALL,130.92719208022964,Ultra Repair,4601.56,6929.516115141084,0.06539409322036308,3171.0
153,6,2020-10-01,7868.0,815517026067,TMALL,130.92719208022964,Ultra Repair,4601.56,6929.516115141084,0.06539409322036308,4399.0
154,6,2020-11-01,13879.0,815517026067,TMALL,130.92719208022964,Ultra Repair,4601.56,6929.516115141084,0.06539409322036308,18509.5
155,6,2020-12-01,2601.0,815517026067,TMALL,130.92719208022964,Ultra Repair,4601.56,6929.516115141084,0.06539409322036308,3145.5
156,6,2021-01-01,2402.0,815517026067,TMALL,130.92719208022964,Ultra Repair,4601.56,6929.516115141084,0.06539409322036308,3183.0
157,6,2021-02-01,702.0,815517026067,TMALL,130.92719208022964,Ultra Repair,4601.56,6929.516115141084,0.06539409322036308,957.5
158,6,2021-03-01,2116.0,815517026067,TMALL,130.92719208022964,Ultra Repair,4601.56,6929.516115141084,0.06539409322036308,2732.0
159,6,2021-04-01,1743.0,815517026067,TMALL,130.92719208022964,Ultra Repair,4601.56,6929.516115141084,0.06539409322036308,1410.0
160,6,2021-05-01,828.0,815517026067,TMALL,130.92719208022964,Ultra Repair,4601.56,6929.516115141084,0.06539409322036308,1516.5
161,6,2021-06-01,2804.0,815517026067,TMALL,130.92719208022964,Ultra Repair,4601.56,6929.516115141084,0.06539409322036308,3178.0
162,6,2021-07-01,886.0,815517026067,TMALL,130.92719208022964,Ultra Repair,4601.56,6929.516115141084,0.06539409322036308,569.0
163,6,2021-08-01,1157.0,815517026067,TMALL,130.92719208022964,Ultra Repair,4601.56,6929.516115141084,0.06539409322036308,14464.0
164,6,2021-09-01,5081.0,815517026067,TMALL,130.92719208022964,Ultra Repair,4601.56,6929.516115141084,0.06539409322036308,3171.0
165,6,2021-10-01,930.0,815517026067,TMALL,130.92719208022964,Ultra Repair,4601.56,6929.516115141084,0.06539409322036308,4399.0
166,6,2021-11-01,23140.0,815517026067,TMALL,130.92719208022964,Ultra Repair,4601.56,6929.516115141084,0.06539409322036308,18509.5
167,6,2021-12-01,3690.0,815517026067,TMALL,130.92719208022964,Ultra Repair,4601.56,6929.516115141084,0.06539409322036308,3145.5
168,6,2022-01-01,3964.0,815517026067,TMALL,132.46085177453,Ultra Repair,4601.56,6929.516115141084,0.06539409322036308,3183.0
169,6,2022-02-01,1213.0,815517026067,TMALL,181.952076719577,Ultra Repair,4601.56,6929.516115141084,0.06539409322036308,957.5
170,6,2022-03-01,3348.0,815517026067,TMALL,153.572199783628,Ultra Repair,4601.56,6929.516115141084,0.06539409322036308,2732.0
171,6,2022-04-01,1077.0,815517026067,TMALL,174.54615483871,Ultra Repair,4601.56,6929.516115141084,0.06539409322036308,1410.0
172,6,2022-05-01,2205.0,815517026067,TMALL,148.592333333333,Ultra Repair,4601.56,6929.516115141084,0.06539409322036308,1516.5
173,6,2022-06-01,3552.0,815517026067,TMALL,131.90643333333333,Ultra Repair,4601.56,6929.516115141084,0.06539409322036308,3178.0
174,6,2022-07-01,638.0,815517026067,TMALL,0.0,Ultra Repair,4601.56,6929.516115141084,0.06539409322036308,569.0
175,7,2020-07-01,10821.0,815517026081,TMALL,123.37285799016526,Face,8649.28,12053.735539657406,0.12291740683790321,5914.666666666667
176,7,2020-08-01,53867.0,815517026081,TMALL,123.37285799016526,Face,8649.28,12053.735539657406,0.12291740683790321,27749.5
177,7,2020-09-01,1394.0,815517026081,TMALL,123.37285799016526,Face,8649.28,12053.735539657406,0.12291740683790321,4582.5
178,7,2020-10-01,27994.0,815517026081,TMALL,123.37285799016526,Face,8649.28,12053.735539657406,0.12291740683790321,14224.5
179,7,2020-11-01,5444.0,815517026081,TMALL,123.37285799016526,Face,8649.28,12053.735539657406,0.12291740683790321,7624.0
180,7,2020-12-01,2762.0,815517026081,TMALL,123.37285799016526,Face,8649.28,12053.735539657406,0.12291740683790321,1867.5
181,7,2021-01-01,2356.0,815517026081,TMALL,123.37285799016526,Face,8649.28,12053.735539657406,0.12291740683790321,2095.0
182,7,2021-02-01,25319.0,815517026081,TMALL,123.37285799016526,Face,8649.28,12053.735539657406,0.12291740683790321,13726.5
183,7,2021-03-01,2879.0,815517026081,TMALL,123.37285799016526,Face,8649.28,12053.735539657406,0.12291740683790321,11134.0
184,7,2021-04-01,1982.0,815517026081,TMALL,123.37285799016526,Face,8649.28,12053.735539657406,0.12291740683790321,3606.5
185,7,2021-05-01,817.0,815517026081,TMALL,123.37285799016526,Face,8649.28,12053.735539657406,0.12291740683790321,3690.0
186,7,2021-06-01,13968.0,815517026081,TMALL,123.37285799016526,Face,8649.28,12053.735539657406,0.12291740683790321,8944.0
187,7,2021-07-01,1575.0,815517026081,TMALL,123.37285799016526,Face,8649.28,12053.735539657406,0.12291740683790321,5914.666666666667
188,7,2021-08-01,1632.0,815517026081,TMALL,123.37285799016526,Face,8649.28,12053.735539657406,0.12291740683790321,27749.5
189,7,2021-09-01,7771.0,815517026081,TMALL,123.37285799016526,Face,8649.28,12053.735539657406,0.12291740683790321,4582.5
190,7,2021-10-01,455.0,815517026081,TMALL,123.37285799016526,Face,8649.28,12053.735539657406,0.12291740683790321,14224.5
191,7,2021-11-01,9804.0,815517026081,TMALL,123.37285799016526,Face,8649.28,12053.735539657406,0.12291740683790321,7624.0
192,7,2021-12-01,973.0,815517026081,TMALL,123.37285799016526,Face,8649.28,12053.735539657406,0.12291740683790321,1867.5
193,7,2022-01-01,1834.0,815517026081,TMALL,110.436774383079,Face,8649.28,12053.735539657406,0.12291740683790321,2095.0
194,7,2022-02-01,2134.0,815517026081,TMALL,101.032043010753,Face,8649.28,12053.735539657406,0.12291740683790321,13726.5
195,7,2022-03-01,19389.0,815517026081,TMALL,63.7178868151716,Face,8649.28,12053.735539657406,0.12291740683790321,11134.0
196,7,2022-04-01,5231.0,815517026081,TMALL,63.14576190476189,Face,8649.28,12053.735539657406,0.12291740683790321,3606.5
197,7,2022-05-01,6563.0,815517026081,TMALL,64.8839564098683,Face,8649.28,12053.735539657406,0.12291740683790321,3690.0
198,7,2022-06-01,3920.0,815517026081,TMALL,77.97317835566064,Face,8649.28,12053.735539657406,0.12291740683790321,8944.0
199,7,2022-07-01,5348.0,815517026081,TMALL,0.0,Face,8649.28,12053.735539657406,0.12291740683790321,5914.666666666667
200,8,2020-07-01,220.0,815517026265,TMALL,181.88675840019405,Ultra Repair,15183.76,34730.97192022321,0.21578078235981274,371.6666666666667
201,8,2020-08-01,4075.0,815517026265,TMALL,181.88675840019405,Ultra Repair,15183.76,34730.97192022321,0.21578078235981274,2188.5
202,8,2020-09-01,138329.0,815517026265,TMALL,181.88675840019405,Ultra Repair,15183.76,34730.97192022321,0.21578078235981274,71244.5
203,8,2020-10-01,13515.0,815517026265,TMALL,181.88675840019405,Ultra Repair,15183.76,34730.97192022321,0.21578078235981274,7292.5
204,8,2020-11-01,485.0,815517026265,TMALL,181.88675840019405,Ultra Repair,15183.76,34730.97192022321,0.21578078235981274,59704.5
205,8,2020-12-01,18141.0,815517026265,TMALL,181.88675840019405,Ultra Repair,15183.76,34730.97192022321,0.21578078235981274,12794.5
206,8,2021-01-01,9246.0,815517026265,TMALL,181.88675840019405,Ultra Repair,15183.76,34730.97192022321,0.21578078235981274,7043.0
207,8,2021-02-01,329.0,815517026265,TMALL,181.88675840019405,Ultra Repair,15183.76,34730.97192022321,0.21578078235981274,1534.5
208,8,2021-03-01,2549.0,815517026265,TMALL,181.88675840019405,Ultra Repair,15183.76,34730.97192022321,0.21578078235981274,7319.5
209,8,2021-04-01,449.0,815517026265,TMALL,181.88675840019405,Ultra Repair,15183.76,34730.97192022321,0.21578078235981274,670.5
210,8,2021-05-01,318.0,815517026265,TMALL,181.88675840019405,Ultra Repair,15183.76,34730.97192022321,0.21578078235981274,9906.5
211,8,2021-06-01,9608.0,815517026265,TMALL,181.88675840019405,Ultra Repair,15183.76,34730.97192022321,0.21578078235981274,9541.0
212,8,2021-07-01,193.0,815517026265,TMALL,181.88675840019405,Ultra Repair,15183.76,34730.97192022321,0.21578078235981274,371.6666666666667
213,8,2021-08-01,302.0,815517026265,TMALL,181.88675840019405,Ultra Repair,15183.76,34730.97192022321,0.21578078235981274,2188.5
214,8,2021-09-01,4160.0,815517026265,TMALL,181.88675840019405,Ultra Repair,15183.76,34730.97192022321,0.21578078235981274,71244.5
215,8,2021-10-01,1070.0,815517026265,TMALL,181.88675840019405,Ultra Repair,15183.76,34730.97192022321,0.21578078235981274,7292.5
216,8,2021-11-01,118924.0,815517026265,TMALL,181.88675840019405,Ultra Repair,15183.76,34730.97192022321,0.21578078235981274,59704.5
217,8,2021-12-01,7448.0,815517026265,TMALL,181.88675840019405,Ultra Repair,15183.76,34730.97192022321,0.21578078235981274,12794.5
218,8,2022-01-01,4840.0,815517026265,TMALL,222.312,Ultra Repair,15183.76,34730.97192022321,0.21578078235981274,7043.0
219,8,2022-02-01,2740.0,815517026265,TMALL,221.798485151819,Ultra Repair,15183.76,34730.97192022321,0.21578078235981274,1534.5
220,8,2022-03-01,12090.0,815517026265,TMALL,194.379813839129,Ultra Repair,15183.76,34730.97192022321,0.21578078235981274,7319.5
221,8,2022-04-01,892.0,815517026265,TMALL,225.87196891191698,Ultra Repair,15183.76,34730.97192022321,0.21578078235981274,670.5
222,8,2022-05-01,19495.0,815517026265,TMALL,182.637360026042,Ultra Repair,15183.76,34730.97192022321,0.21578078235981274,9906.5
223,8,2022-06-01,9474.0,815517026265,TMALL,173.990213957209,Ultra Repair,15183.76,34730.97192022321,0.21578078235981274,9541.0
224,8,2022-07-01,702.0,815517026265,TMALL,0.0,Ultra Repair,15183.76,34730.97192022321,0.21578078235981274,371.6666666666667
225,9,2020-07-01,0.0,815517026272,TMALL,117.54978799464782,Face,2883.76,3976.191071867649,0.04098194313779549,588.0
226,9,2020-08-01,4570.0,815517026272,TMALL,117.54978799464782,Face,2883.76,3976.191071867649,0.04098194313779549,7100.0
227,9,2020-09-01,189.0,815517026272,TMALL,117.54978799464782,Face,2883.76,3976.191071867649,0.04098194313779549,2268.5
228,9,2020-10-01,363.0,815517026272,TMALL,117.54978799464782,Face,2883.76,3976.191071867649,0.04098194313779549,418.5
229,9,2020-11-01,489.0,815517026272,TMALL,117.54978799464782,Face,2883.76,3976.191071867649,0.04098194313779549,7632.5
230,9,2020-12-01,5920.0,815517026272,TMALL,117.54978799464782,Face,2883.76,3976.191071867649,0.04098194313779549,3191.5
231,9,2021-01-01,333.0,815517026272,TMALL,117.54978799464782,Face,2883.76,3976.191071867649,0.04098194313779549,770.0
232,9,2021-02-01,198.0,815517026272,TMALL,117.54978799464782,Face,2883.76,3976.191071867649,0.04098194313779549,222.5
233,9,2021-03-01,7104.0,815517026272,TMALL,117.54978799464782,Face,2883.76,3976.191071867649,0.04098194313779549,3911.5
234,9,2021-04-01,11215.0,815517026272,TMALL,117.54978799464782,Face,2883.76,3976.191071867649,0.04098194313779549,5865.0
235,9,2021-05-01,374.0,815517026272,TMALL,117.54978799464782,Face,2883.76,3976.191071867649,0.04098194313779549,1462.0
236,9,2021-06-01,1135.0,815517026272,TMALL,117.54978799464782,Face,2883.76,3976.191071867649,0.04098194313779549,2323.0
237,9,2021-07-01,1092.0,815517026272,TMALL,117.54978799464782,Face,2883.76,3976.191071867649,0.04098194313779549,588.0
238,9,2021-08-01,9630.0,815517026272,TMALL,117.54978799464782,Face,2883.76,3976.191071867649,0.04098194313779549,7100.0
239,9,2021-09-01,4348.0,815517026272,TMALL,117.54978799464782,Face,2883.76,3976.191071867649,0.04098194313779549,2268.5
240,9,2021-10-01,474.0,815517026272,TMALL,117.54978799464782,Face,2883.76,3976.191071867649,0.04098194313779549,418.5
241,9,2021-11-01,14776.0,815517026272,TMALL,117.54978799464782,Face,2883.76,3976.191071867649,0.04098194313779549,7632.5
242,9,2021-12-01,463.0,815517026272,TMALL,117.54978799464782,Face,2883.76,3976.191071867649,0.04098194313779549,3191.5
243,9,2022-01-01,1207.0,815517026272,TMALL,92.1618338815789,Face,2883.76,3976.191071867649,0.04098194313779549,770.0
244,9,2022-02-01,247.0,815517026272,TMALL,134.266541666667,Face,2883.76,3976.191071867649,0.04098194313779549,222.5
245,9,2022-03-01,719.0,815517026272,TMALL,96.77512779552721,Face,2883.76,3976.191071867649,0.04098194313779549,3911.5
246,9,2022-04-01,515.0,815517026272,TMALL,104.496315789474,Face,2883.76,3976.191071867649,0.04098194313779549,5865.0
247,9,2022-05-01,2550.0,815517026272,TMALL,118.993113636364,Face,2883.76,3976.191071867649,0.04098194313779549,1462.0
248,9,2022-06-01,3511.0,815517026272,TMALL,133.1111172161172,Face,2883.76,3976.191071867649,0.04098194313779549,2323.0
249,9,2022-07-01,672.0,815517026272,TMALL,0.0,Face,2883.76,3976.191071867649,0.04098194313779549,588.0
250,10,2020-07-01,0.0,815517026999,TMALL,242.3003166909037,Ultra Repair,3229.08,5932.896551713449,0.045889385020734266,2426.6666666666665
251,10,2020-08-01,0.0,815517026999,TMALL,242.3003166909037,Ultra Repair,3229.08,5932.896551713449,0.045889385020734266,644.0
252,10,2020-09-01,0.0,815517026999,TMALL,242.3003166909037,Ultra Repair,3229.08,5932.896551713449,0.045889385020734266,1128.0
253,10,2020-10-01,0.0,815517026999,TMALL,242.3003166909037,Ultra Repair,3229.08,5932.896551713449,0.045889385020734266,155.0
254,10,2020-11-01,0.0,815517026999,TMALL,242.3003166909037,Ultra Repair,3229.08,5932.896551713449,0.045889385020734266,1664.0
255,10,2020-12-01,0.0,815517026999,TMALL,242.3003166909037,Ultra Repair,3229.08,5932.896551713449,0.045889385020734266,401.5
256,10,2021-01-01,0.0,815517026999,TMALL,242.3003166909037,Ultra Repair,3229.08,5932.896551713449,0.045889385020734266,219.5
257,10,2021-02-01,0.0,815517026999,TMALL,242.3003166909037,Ultra Repair,3229.08,5932.896551713449,0.045889385020734266,179.5
258,10,2021-03-01,0.0,815517026999,TMALL,242.3003166909037,Ultra Repair,3229.08,5932.896551713449,0.045889385020734266,2074.5
259,10,2021-04-01,26188.0,815517026999,TMALL,242.3003166909037,Ultra Repair,3229.08,5932.896551713449,0.045889385020734266,13486.5
260,10,2021-05-01,2336.0,815517026999,TMALL,242.3003166909037,Ultra Repair,3229.08,5932.896551713449,0.045889385020734266,5279.5
261,10,2021-06-01,14562.0,815517026999,TMALL,242.3003166909037,Ultra Repair,3229.08,5932.896551713449,0.045889385020734266,11491.5
262,10,2021-07-01,3199.0,815517026999,TMALL,242.3003166909037,Ultra Repair,3229.08,5932.896551713449,0.045889385020734266,2426.6666666666665
263,10,2021-08-01,1288.0,815517026999,TMALL,242.3003166909037,Ultra Repair,3229.08,5932.896551713449,0.045889385020734266,644.0
264,10,2021-09-01,2256.0,815517026999,TMALL,242.3003166909037,Ultra Repair,3229.08,5932.896551713449,0.045889385020734266,1128.0
265,10,2021-10-01,310.0,815517026999,TMALL,242.3003166909037,Ultra Repair,3229.08,5932.896551713449,0.045889385020734266,155.0
266,10,2021-11-01,3328.0,815517026999,TMALL,242.3003166909037,Ultra Repair,3229.08,5932.896551713449,0.045889385020734266,1664.0
267,10,2021-12-01,803.0,815517026999,TMALL,242.3003166909037,Ultra Repair,3229.08,5932.896551713449,0.045889385020734266,401.5
268,10,2022-01-01,439.0,815517026999,TMALL,249.443624733475,Ultra Repair,3229.08,5932.896551713449,0.045889385020734266,219.5
269,10,2022-02-01,359.0,815517026999,TMALL,279.527005494505,Ultra Repair,3229.08,5932.896551713449,0.045889385020734266,179.5
270,10,2022-03-01,4149.0,815517026999,TMALL,244.015161923454,Ultra Repair,3229.08,5932.896551713449,0.045889385020734266,2074.5
271,10,2022-04-01,785.0,815517026999,TMALL,255.86391908976,Ultra Repair,3229.08,5932.896551713449,0.045889385020734266,13486.5
272,10,2022-05-01,8223.0,815517026999,TMALL,230.106357428381,Ultra Repair,3229.08,5932.896551713449,0.045889385020734266,5279.5
273,10,2022-06-01,8421.0,815517026999,TMALL,230.4434684982169,Ultra Repair,3229.08,5932.896551713449,0.045889385020734266,11491.5
274,10,2022-07-01,4081.0,815517026999,TMALL,0.0,Ultra Repair,3229.08,5932.896551713449,0.045889385020734266,2426.6666666666665
275,11,2020-07-01,0.0,815517027163,TMALL,103.70144788310704,Face,1713.72,4316.292549939897,0.024354168028581744,516.0
276,11,2020-08-01,0.0,815517027163,TMALL,103.70144788310704,Face,1713.72,4316.292549939897,0.024354168028581744,321.0
277,11,2020-09-01,0.0,815517027163,TMALL,103.70144788310704,Face,1713.72,4316.292549939897,0.024354168028581744,735.0
278,11,2020-10-01,0.0,815517027163,TMALL,103.70144788310704,Face,1713.72,4316.292549939897,0.024354168028581744,131.0
279,11,2020-11-01,0.0,815517027163,TMALL,103.70144788310704,Face,1713.72,4316.292549939897,0.024354168028581744,1218.0
280,11,2020-12-01,0.0,815517027163,TMALL,103.70144788310704,Face,1713.72,4316.292549939897,0.024354168028581744,1102.5
281,11,2021-01-01,0.0,815517027163,TMALL,103.70144788310704,Face,1713.72,4316.292549939897,0.024354168028581744,234.5
282,11,2021-02-01,11.0,815517027163,TMALL,103.70144788310704,Face,1713.72,4316.292549939897,0.024354168028581744,130.5
283,11,2021-03-01,2057.0,815517027163,TMALL,103.70144788310704,Face,1713.72,4316.292549939897,0.024354168028581744,1271.5
284,11,2021-04-01,21091.0,815517027163,TMALL,103.70144788310704,Face,1713.72,4316.292549939897,0.024354168028581744,10711.5
285,11,2021-05-01,465.0,815517027163,TMALL,103.70144788310704,Face,1713.72,4316.292549939897,0.024354168028581744,541.5
286,11,2021-06-01,7362.0,815517027163,TMALL,103.70144788310704,Face,1713.72,4316.292549939897,0.024354168028581744,4250.5
287,11,2021-07-01,1028.0,815517027163,TMALL,103.70144788310704,Face,1713.72,4316.292549939897,0.024354168028581744,516.0
288,11,2021-08-01,642.0,815517027163,TMALL,103.70144788310704,Face,1713.72,4316.292549939897,0.024354168028581744,321.0
289,11,2021-09-01,1470.0,815517027163,TMALL,103.70144788310704,Face,1713.72,4316.292549939897,0.024354168028581744,735.0
290,11,2021-10-01,262.0,815517027163,TMALL,103.70144788310704,Face,1713.72,4316.292549939897,0.024354168028581744,131.0
291,11,2021-11-01,2436.0,815517027163,TMALL,103.70144788310704,Face,1713.72,4316.292549939897,0.024354168028581744,1218.0
292,11,2021-12-01,2205.0,815517027163,TMALL,103.70144788310704,Face,1713.72,4316.292549939897,0.024354168028581744,1102.5
293,11,2022-01-01,469.0,815517027163,TMALL,100.05198130841102,Face,1713.72,4316.292549939897,0.024354168028581744,234.5
294,11,2022-02-01,250.0,815517027163,TMALL,106.30102189781,Face,1713.72,4316.292549939897,0.024354168028581744,130.5
295,11,2022-03-01,486.0,815517027163,TMALL,88.8767899159664,Face,1713.72,4316.292549939897,0.024354168028581744,1271.5
296,11,2022-04-01,332.0,815517027163,TMALL,102.142152173913,Face,1713.72,4316.292549939897,0.024354168028581744,10711.5
297,11,2022-05-01,618.0,815517027163,TMALL,90.2302346570397,Face,1713.72,4316.292549939897,0.024354168028581744,541.5
298,11,2022-06-01,1139.0,815517027163,TMALL,78.6738375558867,Face,1713.72,4316.292549939897,0.024354168028581744,4250.5
299,11,2022-07-01,520.0,815517027163,TMALL,0.0,Face,1713.72,4316.292549939897,0.024354168028581744,516.0
300,12,2020-07-01,0.0,815517027170,TMALL,202.16,Face,872.04,1894.324736328665,0.012392811362208775,92.0
301,12,2020-08-01,0.0,815517027170,TMALL,202.16,Face,872.04,1894.324736328665,0.012392811362208775,0.0
302,12,2020-09-01,0.0,815517027170,TMALL,202.16,Face,872.04,1894.324736328665,0.012392811362208775,0.0
303,12,2020-10-01,0.0,815517027170,TMALL,202.16,Face,872.04,1894.324736328665,0.012392811362208775,0.0
304,12,2020-11-01,0.0,815517027170,TMALL,202.16,Face,872.04,1894.324736328665,0.012392811362208775,0.0
305,12,2020-12-01,0.0,815517027170,TMALL,202.16,Face,872.04,1894.324736328665,0.012392811362208775,2713.5
306,12,2021-01-01,0.0,815517027170,TMALL,202.16,Face,872.04,1894.324736328665,0.012392811362208775,1574.0
307,12,2021-02-01,0.0,815517027170,TMALL,202.16,Face,872.04,1894.324736328665,0.012392811362208775,398.0
308,12,2021-03-01,0.0,815517027170,TMALL,202.16,Face,872.04,1894.324736328665,0.012392811362208775,3686.5
309,12,2021-04-01,0.0,815517027170,TMALL,202.16,Face,872.04,1894.324736328665,0.012392811362208775,145.5
310,12,2021-05-01,0.0,815517027170,TMALL,202.16,Face,872.04,1894.324736328665,0.012392811362208775,1381.5
311,12,2021-06-01,0.0,815517027170,TMALL,202.16,Face,872.04,1894.324736328665,0.012392811362208775,863.5
312,12,2021-07-01,0.0,815517027170,TMALL,202.16,Face,872.04,1894.324736328665,0.012392811362208775,92.0
313,12,2021-08-01,0.0,815517027170,TMALL,202.16,Face,872.04,1894.324736328665,0.012392811362208775,0.0
314,12,2021-09-01,0.0,815517027170,TMALL,202.16,Face,872.04,1894.324736328665,0.012392811362208775,0.0
315,12,2021-10-01,0.0,815517027170,TMALL,202.16,Face,872.04,1894.324736328665,0.012392811362208775,0.0
316,12,2021-11-01,0.0,815517027170,TMALL,202.16,Face,872.04,1894.324736328665,0.012392811362208775,0.0
317,12,2021-12-01,5427.0,815517027170,TMALL,202.16,Face,872.04,1894.324736328665,0.012392811362208775,2713.5
318,12,2022-01-01,3148.0,815517027170,TMALL,200.42747826087,Face,872.04,1894.324736328665,0.012392811362208775,1574.0
319,12,2022-02-01,796.0,815517027170,TMALL,219.123743654822,Face,872.04,1894.324736328665,0.012392811362208775,398.0
320,12,2022-03-01,7373.0,815517027170,TMALL,184.17350060056097,Face,872.04,1894.324736328665,0.012392811362208775,3686.5
321,12,2022-04-01,291.0,815517027170,TMALL,218.362157534247,Face,872.04,1894.324736328665,0.012392811362208775,145.5
322,12,2022-05-01,2763.0,815517027170,TMALL,164.815239916551,Face,872.04,1894.324736328665,0.012392811362208775,1381.5
323,12,2022-06-01,1727.0,815517027170,TMALL,165.80218543046357,Face,872.04,1894.324736328665,0.012392811362208775,863.5
324,12,2022-07-01,276.0,815517027170,TMALL,0.0,Face,872.04,1894.324736328665,0.012392811362208775,92.0
325,13,2020-07-01,0.0,815517027606,TMALL,110.69423668639052,Face,67.2,191.8838624446221,0.0009549985362373627,5.333333333333333
326,13,2020-08-01,0.0,815517027606,TMALL,110.69423668639052,Face,67.2,191.8838624446221,0.0009549985362373627,0.0
327,13,2020-09-01,0.0,815517027606,TMALL,110.69423668639052,Face,67.2,191.8838624446221,0.0009549985362373627,22.0
328,13,2020-10-01,0.0,815517027606,TMALL,110.69423668639052,Face,67.2,191.8838624446221,0.0009549985362373627,28.0
329,13,2020-11-01,0.0,815517027606,TMALL,110.69423668639052,Face,67.2,191.8838624446221,0.0009549985362373627,372.0
330,13,2020-12-01,0.0,815517027606,TMALL,110.69423668639052,Face,67.2,191.8838624446221,0.0009549985362373627,18.0
331,13,2021-01-01,0.0,815517027606,TMALL,110.69423668639052,Face,67.2,191.8838624446221,0.0009549985362373627,10.0
332,13,2021-02-01,0.0,815517027606,TMALL,110.69423668639052,Face,67.2,191.8838624446221,0.0009549985362373627,6.0
333,13,2021-03-01,0.0,815517027606,TMALL,110.69423668639052,Face,67.2,191.8838624446221,0.0009549985362373627,16.0
334,13,2021-04-01,0.0,815517027606,TMALL,110.69423668639052,Face,67.2,191.8838624446221,0.0009549985362373627,3.5
335,13,2021-05-01,0.0,815517027606,TMALL,110.69423668639052,Face,67.2,191.8838624446221,0.0009549985362373627,328.5
336,13,2021-06-01,0.0,815517027606,TMALL,110.69423668639052,Face,67.2,191.8838624446221,0.0009549985362373627,28.0
337,13,2021-07-01,0.0,815517027606,TMALL,110.69423668639052,Face,67.2,191.8838624446221,0.0009549985362373627,5.333333333333333
338,13,2021-08-01,0.0,815517027606,TMALL,110.69423668639052,Face,67.2,191.8838624446221,0.0009549985362373627,0.0
339,13,2021-09-01,44.0,815517027606,TMALL,110.69423668639052,Face,67.2,191.8838624446221,0.0009549985362373627,22.0
340,13,2021-10-01,56.0,815517027606,TMALL,110.69423668639052,Face,67.2,191.8838624446221,0.0009549985362373627,28.0
341,13,2021-11-01,744.0,815517027606,TMALL,110.69423668639052,Face,67.2,191.8838624446221,0.0009549985362373627,372.0
342,13,2021-12-01,36.0,815517027606,TMALL,110.69423668639052,Face,67.2,191.8838624446221,0.0009549985362373627,18.0
343,13,2022-01-01,20.0,815517027606,TMALL,177.184444444444,Face,67.2,191.8838624446221,0.0009549985362373627,10.0
344,13,2022-02-01,12.0,815517027606,TMALL,207.708666666667,Face,67.2,191.8838624446221,0.0009549985362373627,6.0
345,13,2022-03-01,32.0,815517027606,TMALL,119.09354838709699,Face,67.2,191.8838624446221,0.0009549985362373627,16.0
346,13,2022-04-01,7.0,815517027606,TMALL,187.725,Face,67.2,191.8838624446221,0.0009549985362373627,3.5
347,13,2022-05-01,657.0,815517027606,TMALL,121.50591809775399,Face,67.2,191.8838624446221,0.0009549985362373627,328.5
348,13,2022-06-01,56.0,815517027606,TMALL,162.2445945945946,Face,67.2,191.8838624446221,0.0009549985362373627,28.0
349,13,2022-07-01,16.0,815517027606,TMALL,0.0,Face,67.2,191.8838624446221,0.0009549985362373627,5.333333333333333
350,14,2020-07-01,0.0,815517027613,TMALL,83.94805440440676,Oil,707.32,1452.0672826468247,0.010051928045407907,104.0
351,14,2020-08-01,0.0,815517027613,TMALL,83.94805440440676,Oil,707.32,1452.0672826468247,0.010051928045407907,0.0
352,14,2020-09-01,0.0,815517027613,TMALL,83.94805440440676,Oil,707.32,1452.0672826468247,0.010051928045407907,1494.5
353,14,2020-10-01,0.0,815517027613,TMALL,83.94805440440676,Oil,707.32,1452.0672826468247,0.010051928045407907,285.5
354,14,2020-11-01,0.0,815517027613,TMALL,83.94805440440676,Oil,707.32,1452.0672826468247,0.010051928045407907,2680.5
355,14,2020-12-01,0.0,815517027613,TMALL,83.94805440440676,Oil,707.32,1452.0672826468247,0.010051928045407907,118.5
356,14,2021-01-01,0.0,815517027613,TMALL,83.94805440440676,Oil,707.32,1452.0672826468247,0.010051928045407907,0.0
357,14,2021-02-01,0.0,815517027613,TMALL,83.94805440440676,Oil,707.32,1452.0672826468247,0.010051928045407907,0.0
358,14,2021-03-01,0.0,815517027613,TMALL,83.94805440440676,Oil,707.32,1452.0672826468247,0.010051928045407907,2058.5
359,14,2021-04-01,0.0,815517027613,TMALL,83.94805440440676,Oil,707.32,1452.0672826468247,0.010051928045407907,56.0
360,14,2021-05-01,0.0,815517027613,TMALL,83.94805440440676,Oil,707.32,1452.0672826468247,0.010051928045407907,910.0
361,14,2021-06-01,0.0,815517027613,TMALL,83.94805440440676,Oil,707.32,1452.0672826468247,0.010051928045407907,1082.0
362,14,2021-07-01,0.0,815517027613,TMALL,83.94805440440676,Oil,707.32,1452.0672826468247,0.010051928045407907,104.0
363,14,2021-08-01,0.0,815517027613,TMALL,83.94805440440676,Oil,707.32,1452.0672826468247,0.010051928045407907,0.0
364,14,2021-09-01,2989.0,815517027613,TMALL,83.94805440440676,Oil,707.32,1452.0672826468247,0.010051928045407907,1494.5
365,14,2021-10-01,571.0,815517027613,TMALL,83.94805440440676,Oil,707.32,1452.0672826468247,0.010051928045407907,285.5
366,14,2021-11-01,5361.0,815517027613,TMALL,83.94805440440676,Oil,707.32,1452.0672826468247,0.010051928045407907,2680.5
367,14,2021-12-01,237.0,815517027613,TMALL,83.94805440440676,Oil,707.32,1452.0672826468247,0.010051928045407907,118.5
368,14,2022-01-01,0.0,815517027613,TMALL,0.0,Oil,707.32,1452.0672826468247,0.010051928045407907,0.0
369,14,2022-02-01,0.0,815517027613,TMALL,145.917894736842,Oil,707.32,1452.0672826468247,0.010051928045407907,0.0
370,14,2022-03-01,4117.0,815517027613,TMALL,107.511797752809,Oil,707.32,1452.0672826468247,0.010051928045407907,2058.5
371,14,2022-04-01,112.0,815517027613,TMALL,114.195806451613,Oil,707.32,1452.0672826468247,0.010051928045407907,56.0
372,14,2022-05-01,1820.0,815517027613,TMALL,144.166574074074,Oil,707.32,1452.0672826468247,0.010051928045407907,910.0
373,14,2022-06-01,2164.0,815517027613,TMALL,128.71114285714285,Oil,707.32,1452.0672826468247,0.010051928045407907,1082.0
374,14,2022-07-01,312.0,815517027613,TMALL,0.0,Oil,707.32,1452.0672826468247,0.010051928045407907,104.0
375,32,2022-01-01,169.0,815517025992,TMALL,196.688563829787,Face,178.14285714285714,83.80817098475258,0.0007088590325523757,169.0
376,32,2022-02-01,146.0,815517025992,TMALL,187.77461038961,Face,178.14285714285714,83.80817098475258,0.0007088590325523757,146.0
377,32,2022-03-01,315.0,815517025992,TMALL,160.24893258427,Face,178.14285714285714,83.80817098475258,0.0007088590325523757,315.0
378,32,2022-04-01,53.0,815517025992,TMALL,190.295128205128,Face,178.14285714285714,83.80817098475258,0.0007088590325523757,53.0
379,32,2022-05-01,202.0,815517025992,TMALL,167.116787148594,Face,178.14285714285714,83.80817098475258,0.0007088590325523757,202.0
380,32,2022-06-01,236.0,815517025992,TMALL,155.709662921348,Face,178.14285714285714,83.80817098475258,0.0007088590325523757,236.0
381,32,2022-07-01,126.0,815517025992,TMALL,0.0,Face,178.14285714285714,83.80817098475258,0.0007088590325523757,126.0
382,33,2022-01-01,23.0,815517027491,TMALL,296.3412,Eye,32.714285714285715,21.021530912489744,0.00013017539571330715,23.0
383,33,2022-02-01,17.0,815517027491,TMALL,288.908333333333,Eye,32.714285714285715,21.021530912489744,0.00013017539571330715,17.0
384,33,2022-03-01,70.0,815517027491,TMALL,229.497333333333,Eye,32.714285714285715,21.021530912489744,0.00013017539571330715,70.0
385,33,2022-04-01,28.0,815517027491,TMALL,240.215333333333,Eye,32.714285714285715,21.021530912489744,0.00013017539571330715,28.0
386,33,2022-05-01,23.0,815517027491,TMALL,255.74416666666698,Eye,32.714285714285715,21.021530912489744,0.00013017539571330715,23.0
387,33,2022-06-01,54.0,815517027491,TMALL,221.87774193548387,Eye,32.714285714285715,21.021530912489744,0.00013017539571330715,54.0
388,33,2022-07-01,14.0,815517027491,TMALL,0.0,Eye,32.714285714285715,21.021530912489744,0.00013017539571330715,14.0
389,50,2022-06-01,1127.0,815517028122,TMALL,164.11242009132422,Oil,1111.5,21.920310216782973,0.00126366770598551,1127.0
390,50,2022-07-01,1096.0,815517028122,TMALL,0.0,Oil,1111.5,21.920310216782973,0.00126366770598551,1096.0
391,0,2022-08-01,108.0,815517026005,TMALL,0.0,Ultra Repair,1495.12,1896.9444140511864,0.021247580528261988,817.5
392,1,2022-08-01,0.0,815517026012,TMALL,0.0,Ultra Repair,4371.24,15024.286148544075,0.062120949427711444,1676.0
393,2,2022-08-01,289.0,815517026029,TMALL,0.0,Face,933.84,1018.6112964881811,0.01327106894464135,369.5
394,3,2022-08-01,2288.0,815517026036,TMALL,0.0,Ultra Repair,25325.28,34207.131565800715,0.35990484121728206,43028.0
395,4,2022-08-01,189.0,815517026043,TMALL,0.0,Ultra Repair,163.0,168.03695030161273,0.0023164399018852696,23.0
396,5,2022-08-01,16.0,815517026050,TMALL,0.0,Ultra Repair,22.44,24.154157682132766,0.0003189012969221193,6.5
397,6,2022-08-01,1509.0,815517026067,TMALL,0.0,Ultra Repair,4601.56,6929.516115141084,0.06539409322036308,14464.0
398,7,2022-08-01,4013.0,815517026081,TMALL,0.0,Face,8649.28,12053.735539657406,0.12291740683790321,27749.5
399,8,2022-08-01,1217.0,815517026265,TMALL,0.0,Ultra Repair,15183.76,34730.97192022321,0.21578078235981274,2188.5
400,9,2022-08-01,3112.0,815517026272,TMALL,0.0,Face,2883.76,3976.191071867649,0.04098194313779549,7100.0
401,10,2022-08-01,6125.0,815517026999,TMALL,0.0,Ultra Repair,3229.08,5932.896551713449,0.045889385020734266,644.0
402,11,2022-08-01,2161.0,815517027163,TMALL,0.0,Face,1713.72,4316.292549939897,0.024354168028581744,321.0
403,12,2022-08-01,839.0,815517027170,TMALL,0.0,Face,872.04,1894.324736328665,0.012392811362208775,0.0
404,13,2022-08-01,44.0,815517027606,TMALL,0.0,Face,67.2,191.8838624446221,0.0009549985362373627,0.0
405,14,2022-08-01,1157.0,815517027613,TMALL,0.0,Oil,707.32,1452.0672826468247,0.010051928045407907,0.0
406,32,2022-08-01,205.0,815517025992,TMALL,0.0,Face,178.14285714285714,83.80817098475258,0.0007088590325523757,
407,33,2022-08-01,11.0,815517027491,TMALL,0.0,Eye,32.714285714285715,21.021530912489744,0.00013017539571330715,
408,50,2022-08-01,2006.0,815517028122,TMALL,0.0,Oil,1111.5,21.920310216782973,0.00126366770598551,
